title,review_text,true_label
This is a great book,"I must preface this by saying that I am not religious - but I loved this book. I really enjoyed the story it was telling. To me this is more a story about where we come from as women, rather than some religious/biblical treatise. Reading this book you can really feel a connection with the character Dinah and the writer brings to life her world with colorful vividness. This book has an almost feminist feeling and to my great amusement paints Jacob as a villainous man who personifies most of the worst qualities one can have. This story sucked me in and I read it practically in one sitting. It was one of the best books I have read in a while.",1
Huge Disappointment.,"As a big time, long term Trevanian fan, I was extremely disappointed in this ""experiment"" by the author. I deem this effort an experiment since it is so unlike anything ""Trev"" (as his fans call him) has ever written before. Plain flat-out boring! It's almost as if Jane Austen had attempted to write a Twilight Zone episode under the influence of Sominex.",0
Wayne is tight but cant hang with Turk.,This album is hot as it wants to be. However Cash Moneys best album ever is Turks Young and Thuggin. So better luck next time Wayne,1
Excellent,"I read this book when I was in elementary school- probably fourth grade. I read a lot of books, but this one stuck with me and I still consider it to be one of my favorites. I just recently remembered the title (after seeing crows out my window) and may have to buy myself a copy.",1
Not about Anusara,"Although this book is touted on several Anusara web sites as a book about Anusara, I found it to be more about self-loathing and a poor body image. From cover to cover, the author rehashed her, and other's, disfunctions and poor self-esteem related to a poor body image and eating disorders.Now, if you fall into any of the afore mentioned catagories, you may find this book for you. If not, it's a waste of time. (I too have looked in the mirror during a yoga session and thought, jeez, I'm going to have to not eat for the next month...., but I didn't dwell on it. And I don't consider a new pedicure when gazing at my feet in down dog.)My truly, heart felt advice to those of you whom this book will speak to is, spend less time on the mat and more in meditation, until you get your mind under control. I am saddened for anyone who is their own worst enemy. Life is too short.Yoga, and all it's attendant traditions, are so much more. Let it be so for you.",0
Worst DVD Ever purchased,"This was the very worst DVD that I have ever purchased. The technical quality was so bad that Fisher's features were unrecognizable. Musical tone production was simply atrocious. I could go on and on but really do not feel like wasting any more time on this piece of crap. Why does Amazon even put something this bad on the market for sale? I would really, really like my $$$ back, Amazon. Your faithful customers deserve far, far better from you. The back of the DVD cover says it all: ""THIS DVD IS NOT ENDORSED BY EDDIE FISHER."" Only five copies left?? If you have any mercy on your customers and you care about preserving your reputation as a reputable dealer of halfway marketable products, you will withdraw them immediately. To sell something this horrible is, in my opinion, disreputable and a disgrace to your reputation.",0
"Not the strongest fan, but gets the job done.","I wasn't sure if I should upgrade and spend $80 on a nice window fan, so I decided to risk it and go for something a little more low budget. This isn't the strongest fan in the world, but it does suck enough air in from outside to cool my bedroom down. Not super noisy or difficult to use. For the price, I'm pretty happy with my purchase.",1
Bottom of the casebook barrel,"At the beginning of this, my first year of law school, I didn't think too much about my actual casebooks. After a couple months, I began to think more about their layout, the organization, case notes, questions, indexes, etc. I began to have favorites, and some that I was less fond of. But until I saw this casebook, I didn't realize casebooks could be so awful. This casebook is badly in need or further organization, better headings, a better table of contents, better editing - in short, all of the details that make or break a casebook.Just to be clear, I am reviewing the second edition, published in 2009. I have also seen the first edition, and the best I can say is that this is, in fact, a significant improvement over the first attempt. But it has a long way to go before any 1L is going to be happy with it.",0
Hilarious!,"This movie is very sweet, I love it. And it's so funny, omigod! My favorite part is when Joy finds her mother feeding her *pet* chicken, and she goes, ""Ma! Ya fed the chicken chicken?""",1
"The swinging, sadly, occurs only in the title.","Sad to say, Jason and his sidemen do not swing on this disk, and one might deduce from its quality that they don't swing anywhere else, either. Their stated ethic is admirable. But the good words don't stand in for good playing, and there is precious little of that on this album. The pianist plays passably, however.",0
Planets,"My son loves it! A hint of hanging this product, tie the line to the thumbnails first, than put them up.",1
WARNING: Made in China!,"I was just about to give these to my dogs and realized that they are made in China. Unfortunately I realized too late and cannot return them. In the trash they go. They could be a good product, but I'm not going to take a chance. I've heard too many scary stories about treats and food from China. My pets are not worth taking that risk with.",0
Didnt even work,"My little guy was highly dissapointed, the game did not even work. He had even spent his allowance on it :(",0
"Weak on content depth & breadth, editing, cookbook approach","This was a very disappointing book.Examples are simplistic and not well thought out. There are very basic shells for doing some parsing tasks a lot of different ways, but very shallow or missing rationale for the different alternatives. It felt like the author came up with a bunch of solutions without understanding the problems XML can address. Having E-Commerce in the title is a joke that hangs on one of the recurring examples throughout the book.Numerous gramatical and content errors. The structure of the book is light as well - examples before concepts and lots of white space & big type.",0
Just another guy who gave it 1 star to bring down the rating,"If you truly wish to learn what the media elite is and what is factual news, watch FOX News Channel for Bias News and CNN for semi unbiased news, and C-SPAN for fair news.",0
NOT for preschoolers and up,"This chair claims to be for ages 3 to 8, but my 5-year-old barely fits on it. I bought it to go with his kid sized desk, but this chair is so little that he has to reach up for the keyboard. The chair is probably fine for 3 to 4-year-olds, but that is about it. It does go together easily and is lightweight, so it does make a nice chair for the right sized child. The price is right, but unfortunately, that means I'm stuck with a pint sized chair because it is not worth the expense of return shipping. Very disappointed. I would not have ordered it had the description been accurate!",0
Brilliant!!!!,Quick shipping! I was pleasantly surprised when I saw this ring in person. It catches the sunlight and sparkles like crazy! You won't be disappointed if you order this.,1
not silent by any means,"I got today the HSF and replaced the original HSF with the SILET BOOST RX. Don't be fooled. It is not silet by any means. I would say it is even louder than the original stock fan. I own AMD 2000 Athlon XP, and it did not silence my box. Also The temperatures are still in mid 40's on idle.I would say it is a waste of money. Get Zelman or something else. Not this one.",0
Yu Yu Hakusho: Ghost Files - The Complete Third Season,Perfect for a fan of the show who loves it being uncensored and not having to worry about missing an episode because you have the entire season at your finger tips!,1
Stunningly bad,"To be honest, I was stunned by this album. The singing is just unspeakably bad! Had I known beforehand that the performance on this album is so poor, I wouldn't have bought this album even if it had cost a quarter of its price.It's indecent for any artist or recording company to sell an album at full price when the quality of it is so low.",0
"would be a great product, but...","I got this frame as a Mother's Day present for my mom. I loaded up an SD card and installed it for her. It's very easy to set up and use. But I was very disappointed to discover that even though it is a wide-screen viewer (modes for aspect ratio of 4:3 and 16:9), the 16:9 mode is COMPLETELY USELESS!! It STRETCHES regular images to make them fit the screen. What kind of idiot thought of that??? I have a bunch of panoramic pics from our family reunion I wanted to be able to display in the full wide-screen mode, but since they're only displayable in 4:3 mode, they shrink down to fit within the smaller dimensions which makes it hard to see the detail.If not for that one major problem, this would have been a great gift for Mom.",0
Unfortunately,"I'm a fan of the Dark series Ms. Feehan has written. Unfortunately, I'm just going to be blunt and say that this book bored me. It's almost as if she was bored herself writing this book. I got it sometime last year, got through half of it and haven't finished it yet, and I've never done that with a book in my entire life. This is something I would not suggest for anyone to buy.",0
A failure,"This is the first book by Billy Collins that I have read, and so I must admit that my opinion may be relatively uninformed, although I think it is safe enough to assume that this is a fair representation of his work thus far. It seems to me that Collins' preoccupation with accessibility has overpowered his poetry, if indeed the contents of this book can be said to be poems at all, rather than cut-up prose. Dullness is the recurring characteristic of the collection, and the famous Collins charm wears thin very quickly. The value of poetry lies in how something is said, rather than what is said, and Sailing Alone Around the Room does not provide that value.",0
Dark Hunter,"It was a great read. Sexy, fun and a little out there. If you like mythology it's a must read.",1
Execrable Editing,"This already short book should be about 50 pages shorter yet. It is laced with repeated quotes, phrases, and facts. The first time you read that Churchill carried a lance in one of history's last cavalry charges, it's fascinating. The second time, it's a surprise to see the statement repeated almost verbatim. The third time, it's an insult.Again and again (and again), this pattern is repeated. On one page, the same clause from a Churchill quote appears three times. Enough already. It's bad enough that the writer made this mistake, but it's unforgivable for the editor to let it pass for publication in this shape. By paring 50 pages off the manuscript, it would be just what it claims to be -- not a bad short rehash of the existing Churchill biographies.Save your money. Get another Churchill biography.",0
file corruptions frequently,"I'm using this with a 400gb Western Digital harddrive on Windows XP system. First, I had hard time formatting and partitioning the drive with this case using native Windows XP tools. I finally used some commercial software. I transferred a lot of files into the harddrive via this case but there are too many file corruptions. I almost lost my important data, fortunately I had backup in DVD. Between the famous and reliable harddrive and this made-in-china case, naturally I think it's this drive that responsible for the file corruptions.",0
Not a strong fantasy novel...,"This book showed some promise in the beggining. It didn't come true.Arien Mirida thinks he's cursed. His bride was killed by beasts gathered by an ancient curse he didn't know about at the time (and later his aunt managed to tell him about). So Arien decided he'll live unhappily ever after - until he discovers hope exists.Enter Cat Sabledrake. She falls inlove with Arien and helps him destroy the curse. Then she helps him resurrect his bride, and they part, unhappy again.So what's the catch?!I liked this book until I realized it was setting the course for a whole series, with Cat Sabledrake as main character. Well, I for one, won't read the rest of them. The one I liked, Arien, won't be re-appearing, so why follow all Cat's bad choices of lovers?! If it's true love, let it be free... at least in a fantasy novel, love should be true.Not in this one, though. Not to the end.",0
A cultural gem as well as a language book,"The really standout feature of this book for me is how easy and fun it is to read. I consider myself fairly capable and passably fluent in conversational Spanish, but not only did I learn completely new and unexpected phrases and colloquial vocabulary in Spanish that had previously been beyond me, but Pepa and Pili (the main characters in the dialogues) had me chuckling and at times guffawing throughout. The author has a great sense of humor and a flair for refreshingly real-sounding conversation - not the stilted repartee you usually see in language books.After reading this book you will no longer need to sneak peaks at the subtitles during Almodovar movies. This book is great fun to read and the exercises are quite challenging - a real help in moving your Spanish past the text book into the real world.",1
Lens was made in Taiwan.,Lens came packed nicely and promptly. But it was made in Taiwan and not Japan.Yet to use the lens. Will update when I do use it. This my first SLR lens.,1
Incredible!,"This book is very scary and very creepy..especially to me, someone who has paid lip service to Christ all his life but never really started to pay attention until a few months ago... for me it is a direct indication of where I could've fallen all too easily had I not made some good decisions... Highly recommended!!!",1
A GREAT WAY TO LIVE!!!,"The Secret, is a great documentary. If one is open to change and betterment of one's self, then this doc is for you.",1
Touching story of faith and determination,I chose to read this book before seeing the movie. I'm glad I did. It was a great story of survival. I would recommend this book to just about anyone.,1
Dont buy,Dont buy this book! I purchased this book liking some of the recipes but I soon realized what a mistake it was. Not only dose the book barely go into detail about what you'll need for each recipe but most of the recipes in the book you can make yourself. You dont need a recipe to tell you how to make nachos.,0
painfully shallow and annoying,"I stopped reading this book way before the end because I could no longer stand the pretentious and self obsessed author. The book is less plotand more of the author's ode to self. I wasted my money on this book. It is so boring. Unless you care about how smart the author thinks she is, what books she has read, how attractive she thinks she is, ect. then don't buy this book. I am disgusted by her arrogance. I am shocked anyone could possibly find her attractive or interesting at all, much less as much as she herself does. I would not recommend this book to anyone.",0
Starrett 734,It would be nice if I would have actually received a Starrett 734 mic as the description states. Instead I received a Starrett 3734 which is a cheaper copy of what I was supposed to get. I am very unhappy with the product I received.,0
Very cool and great to get kids interested in physics,"Works like it says. We were able to keep the top up for about 4 hours until we had to take it down. Living in a small apartment has it's drawbacks. Great for an office and still mind boggling when ""observing"" the unseen forces at a later date. Don't get frustrated and be persistent until you get the perfect balance. It's well worth it!!",1
Superb Figure,"This is an excellent sculpt of Thor in one of his armored periods, the joints are good, with none of them being loose out of the package. The figure makes an excellent addition to my Marel collection.",1
second time's the charm,"The first week after i got it it worked wonders. Then the person you were talking to couldn't here you. I called the tech support line and they triend to figure out what was wrong, they couldn't. So i sent it back to Plantronics(because the telephone comes w/ a 2 year waranty) and they sent me a new one no questins asked. I was really surprized w/ their cooperation. The second one has working for about a month now.",1
The Miracle of Life,"I love this National Geographic special! I have cable so I got to see it for free and I watched it over and over. Before watching this I wasn't sure when I was ever going to be ready to be a mommy. Now, I look forward to sharing this miracle with my husband :)Anyways, I digress, the film is great. It's amazing how they have these images that look like it's from within the womb. In fact, sometimes it really is, at least the special on multiple births is.",1
Has technical merit but characters are awful,"Carl Sagan has done a good job of popularizing a sciences such as astronomy and physics and making them accessible to non-scientists like myself. The plot in the book is sort of cool but it just seem overly simplistic.Also, the characters were AWFUL. Just devices to carry the plot. I found myself not caring about a single one of them. Some of them were downright ridiculous. I'm glad that generally, Sagan stuck to non-ficton.There's better stuff out there.",0
The Only Book You Need To Read,"If there is one book that you need to read, this is it. It doesn't matter if you are a true spiritual seeker, just starting on your spiritual path or just curious, Petals of Grace is for you. Sai Maa's shakti(energy) is in every word, and you can't help but breathe it in. You can experience and know the joy, peace and truth of who you really are from reading this book.",1
Edgar Winner???,"I am always looking for new authors and was drawn to this book because of its status as an Edgar Winner. As I was yawning into page 250, I was wondering exactly when this book was ever going to be interesting, or, in fact, if there was a plot. This book was a waste of time and money. What in the world were the Edgar Award people thinking.",0
my favorite,"I first saw this movie a long time ago and it was not soon forgoten. I couldn't find it anywhere, or remember the title until i saw it on TNT (an old movie network) where i taped it and watch it often. It is one of my favorite movies of all times...it totally deserves 5 stars!",1
Lightsaber Action!,"This game is absolutly the best game I have ever seen! there is a little bit of violence, but most of the time you kill droids, not humans. My favorite weopon is the lightsaber, because you can deflect laser blasts.",1
Do not recommend included parts with purchase,"Its not that I do not like the kit. I am furious at Amazon for recommending I buy this when it comes with the Jetboil Sol Ti. Turns out it comes with any Jetboil Flash or above. I absolutely love my Jetboil, best small camp stove I have ever had, and in fact I use it at home to boil water for tea since it is so fast. My advice is to order you Jetboil and wait on any accessory purchases to make sure that you need them.",0
THIS DVD HAS ORIGINAL AND SEQUEL ON IT- 3 HOURS!,"I recently purchased the DVD ""Betty Broderick: A Woman Scorned"", as I have enjoyed this well acted movie on the Lifetime Channel.To my surprise, this DVD has two movies on it. The first movie of the Betty Broderick story ""A Woman Scorned"" and the Sequel called ""Her Final Fury"". A total of 3 hours on this DVD! I also noticed that there is a special section on the DVD where you can see the real Betty Broderick and watch some of her actual testimony at the murder trial. Very interesting. I recommend this DVD highly. This is for anyone who enjoys movies bases on real life incidents, crimes and murders.",1
Doug Moo moo moved me,"Bought this as a resource for our Bible Studies look at James. Already had Moyter's commentary, this one has a less devotional, more technical feel. Accessible, deep, a def resource for our study.",1
awful,"the material was awful, felt like plastic and my son hated them, couldn't return these jeans fast enough and replace them with a better pair",0
Loosing Greating Message all the time,"Regardless of replacing the 9V Battery almost once a week, this machinekeeps loosing the Greeting Message all the time.Voice Quality is also not very good.",0
Total waste of money,This is junk! I can't believe I wasted my money. The adhesive gums up and doesn't even stick to your pics or scrapbook material.,0
Not such a great book about great individuals,I found Hirsh's writing style choppy and at times the transitions between chapters and topics were confusing. Overall None Braver was a poor presentation of material that could have been informative and entertaining--which it was only slightly of both. I recommend you read something else on PJs. They deserve better.,0
Peggy Cappy is the Best!,"Peggy Cappy is a wonderful yoga instructor, especially for people over 50. Her videos show gentle yoga that anyone can do without fear of hurting themselves if they follow her instructions. I am so pleased to have ""found"" her.",1
Who sets the prices on this stuff???,"I bought this on paperback a little while back, and thought it was a good read. Since I plan to get my sister a Kindle for her birthday, I thought I'd gift this with it. Then I noticed something: THE KINDLE VERSION IS ALMOST TWICE AS EXPENSIVE AS THE PAPERBACK VERSION!!!The cost of a printed book includes the price of making the paper, printing, binding, packaging for retail distribution, and in Amazon's case, packaging and shipping to the customer. The cost of an eBook includes NONE OF THIS, and the cost of hosting and bandwidth for distribution of each eBook, especially when divided into the massive number sold by Amazon, is nothing compared to the printing costs mentioned above. Right now, I do NOT plan to purchase this along with my sister's Kindle. In fact, as this seems to be a growing trend on Amazon, I may decide not to get her a Kindle at all.",0
Excellant,A very good laptop webcam. It works really well and has never stalled or frozen on me. It also records and takes pictures. Its cost effective here and perfect for a laptop for a new user.,1
quilts of gee's bend,"awesome book.... incredible story .....if u are into quilts this is an unbelievable book..... some one gave me a pattern and fabric adapted, from one of the quilts in this book.... i just loved this book......",1
Not what I wanted,I guess I didn't read close enough or something because I expect the solid ringed droppings but these are on a roll and have to be stretched over the mouth of the bottle. I used them because I would throw them away and they couldn't be returned since the box arrived very damaged(purchased with many other things and amazon didn't pack well) but I would never ever buy these again they were a huge pain.,0
THIS CD IS THE BEST!!,"THIS CD IS TOO GOOD FOR WORDS. ITS AWESOME SKA/PUNK, AND I THINK LTJ IS THE BEST BAND EVER. IT HAS AWESOME SONGS LIKE JOHNNY QUEST THINKS WE'RE SELLOUTS, HAPPYMAN, AND AUTOMATIC. IF YOU ARE GOING TO BUY A SKA CD, MAKE IT LESS THAN JAKE. AND IF YOU'RE GOING TO BUY A LTJ CD, MAKE IT LOSING STREAK.",1
A kindle book you can't read on a kindle?,"So, a kindle book you can't read on a kindle. I just don't understand..It makes no sense that you can only read this on the kindle app for the Mac or Pc. Somebody please explain.",0
Premature Failure Poor Customer Support,I purchased the Soleus and it quit drawing water from the air in the first 6 mos. The Soleus service rep chuckled as she advised me to just buy a new one since shipping and minimum service charges would be substantial [...] bucks plus when you throw in the parts - like how else can you fix it - without parts? I since bought a Frigidaire with a five year warranty on the sealed system and it works fine - albeit a bit noisy vs Soleus. I hauled the Soleus to the dump and promptly threw it in the junk appliance area where it belongs.,0
Extras that make a difference,I purchased an easel for my granddaughter for Christmas. I also purchased pads of easel paper and the deluxe companion easel set from Melissa & Doug. The purchases arrived in speedy time and were overpackaged so there was no need to worry about anything breaking. The paper and art supplies arrived just as advertised. I am so happy that I bought the companion set. My granddaughter was able to use her easel immediately rather than running to the store for crayons & paint & brushes. There's much less mess because each paint brush has a cup with matching color lid. My daughter-in-law says it was an excellent purchase!,1
This bag is a fake!,Please research the brand and know what to look for when you buy designer bags. This one pictured is a fake. Louis Vuitton did not make this bag and does not hang any tags from the bag like this. The speedy does not have any pockets on the side either.,0
didnt work,"received this item yesterday - trust me it is a quality items i was expecting a junky piece of plastic but it is just as you would remember from back in the day. i was very happy to get it but it did not work properly. people couldn't hear me so i am trying to exchange it today - i hope im not dissapointed in its replacement. i will let you all know when i get the new one. 4/20/11 Well im back - i received my replacement phone and unfortunately, it does not work. This one seems as im talking in a tunnel and the people i call say i sound like im far away. it is a shame, i love the phone. i will have to find another brand / provider to get what i need.",0
Disappointment,"This book was such a disappointment. It was too short, the plot was incredibly transparent, and the romance was clumsy. And at the end, frankly, I think Tony Hillerman just lost a large portion of his female fans.",0
Life is just an edless waltz,"Endless waltz is an awsome movie. the special edition DVD includes the OVA episiodes of the movie, it also includes a mobel suit encyclopedia and is veiwable in mutiple languages. It has the same voices as in the show(english version anyways). If you saw this on the cartoon network or YTV(people in canada), then you might have thought that it was very heavly edited, the truth is that it wasn't. sure commercials but thats about it. BUT, if you only saw it once, than you probobly didn't catch it all at once. Its a great DVD packed with loads of stuff that will make this a great movie from begining to end.",1
The product review is a lie,There is NO adjustable shoulder strap. The unit itself is ok but not great. It's compact and stylish which is nice. The pocket for the extra battery has no padding or anything to hold the battery in so if it gets tipped at all while it's open the battery falls out easily. There is an opening for a belt loop but I'm sorry - who wears a camera case on a belt loop? I bought it to have the shoulder strap which is nonexistent. It's nice to have an extra battery but you could do better than this carrying case.,0
what the ?,"lost us right from the beginning, a lot of noise and camera action but didn't hold a candle to previous ""bourne"" movies",0
Leave It To Beaver First Season DVD's,My mom loves Leave It To Beaver. She is so glad she can watch the dvds.,1
Lovely,"One of the first things you notice about this CD is that the violinist is not close miked. Instead, the excellent sound engineering places him in the orchestral context, while everything he does remains full toned and clear sounding. The performance of the first concerto might put you in mind of the Berg Concerto. It is full of yearning and late Romanticism, although these feelings are never overdone. The second concerto is served by a performance that brings out all the majesty of the work. I'm still very fond of Henryk Szeryng's recording and, on Hungaroton, Denes Kovacs's. Nevertheless, this CD documents an important Hungarian artist, Gyorgy Pauk, in essential works of his great countryman, and thus has important documentary value in addition to the musical pleasure it gives.",1
Amazing!,"Jeff Buckley's ""Live A L'Olympia"" is a work of art! You can just feel the happy atmosphere in the concert, and it's like you're actually there. Jeff's Zeppelin parody is hilarious, and every song will have you either laughing or crying!I have total respect for Mary Guibert, and for even allowing us to have this capsule of time of Jeff is too nice of her. ""Live A L'Olympia"" is one of my all-time favourite CD's, and you will love it too!!",1
"Nice product, but pricy.","I meant to order the Styling CREAM, but ordered the LOTION in error. (""Lotion"" is more descriptive of the ""Cream"") This product is a watery styler (thus my misunderstanding). Thought I'd try it, as shipping changes the dynamics of an exchange. It does a nice job, is light-weight, but you have to use more product. The result is nice body and natural shine. (With the Cream, you use less, but there is a heavier, dry, dullness.) As both products are pricy for what they are, I will probably save this Lotion for special occasions, as I do the Cream.",1
Not a great source for code,"The author uses ""pseudo-code"" through out the book. The cd contains only a pc-executable program. There is no source code on the CD.This book is a poor source of programming code where the author explains how ai works based on the pseudo-code.If you're looking for source code (ie C++ source code) you'll not find it here.",0
"Works fine, but a little wobbly","It does not fit all legs well and stacks of two make a wobbly support. However, for ""normal"" use the bed does not fall over. Even the kids have not caused the bed to tumble over. It seems the design could be better, but it works.",1
canera case,Great sturdy case for my sony camera!! Love the color and also matches my pink camera but good for my silver camera as well.,0
Great gift - Great story,"You can't go wrong with Nelson DeMille. Charm School was an excellent read, and this audio book is a perfect addition to any fan's library. I would also highly suggest the John Corey series...Lion's Game, and the new Wildfire!",1
Markers Too Light,"These markers are way too light. They show up on dry erase boards bright fluorescent yellow like hi-lighters instead of anything that you can use efficiently for any projects. If you need to create a presentation where the people viewing the information are more than 3 or 4 ft away or at an angle, they cannot see anything. I do not suggest you purchase these markers unless you plan to use them strictly for coloring.",0
MV50 Superflow Pump,"I have tried several low priced compressors for use as inflating the tires on my Ford F350. Most of them either take forever or simply cannot handle the pressure. I have even burned several of them out. The MV50, however, is strong and fast and easily up to the task. There are only two drawbacks: The unconventional tire inflator fitting on the end of the hose can be difficult to use depending on wheel configuration. I would have preferred a more traditional fitting, especially with a reverse ""truck chuck"" on it. The only other problem is the cord is too short. This unit must be attached to your vehicle's battery and the cord will not permit inflation of the rear tires on my F350 crew cab with the 8 foot bed. that being said, its easy enough to just hook up jumper cables to bridge that gap, plus most vehicles are not as long as mine anyway. All in all, this is a great product at a good price.",1
Science Fiction for the beginner,"Someone suggested that if I like SF I should read this book. They were mistaken. If you like SF, stay away from this book. Imagine if Tom Clancy wrote a romance novel, or if Stephen King wrote a children's book...get the picture?The plot was typical of SF movies of the 1950s and 70s: Super advanced plant people crash on Earth and a super secret group of world-dominating CEOs try to kill all the witnesses. The aliens want us to clean up our act, the conspiracy group wants to drill for oil in the protected Alaskan wilderness...hey, wait a minute...There is an important lesson given by Mr. Sheldon in this book: Sidney doesn't write good science fiction.",0
Classic,"This album is filled with Classic Texas songs. From Rita Ballou, to LA Freeway, to Like a Coat From the Cold, you will not want to stop listening to this CD and will find yourself singing along every chance you get. Sung in a voice that is uniquely Guy Clark, his throaty version of each song makes it his own. A must for any fan of Texas Country or Guy Clark.",1
should be a whitepaper on Oracle's web site,"There is very little of value in this book that shouldn't be posted on Oracle's web site as a tutorial or whitepaper. It is expectedly Oracle centric, but only covers their products in a very broad manner without much meat. For example, Chapter 4: ""Developing for an Oracle Application"" is only 16 pages and simply provides definitions for the variety of Oracle-side web apps/extensions.If you really want to buy an Oracle XML book, then get the O'Reilly ""Oracle XML Applications"". Now there's a 5* book.",0
Problems with region,"I'm from Brazil and the DVD does not run in our DVDs players, due region limitations.It would be interesting that, when Amazon detects a international sell, a warning should be displayed, telling the customers that they might have problems due to region definitions. A link to an article explaining region definitions/limitations/how to convert/alternatives would be very usefull too.At the moment I'm watching the episodes at my computer. This is not confortable.",0
Like it,"I've been using the kettle for about 2 months. What I like is that it is attractive, has an automatic shut-off switch, heats the water quickly, is cordless and does not take up too much counter space in my small kitchen. What I don't like is that the measuring window is difficult to see because it is hidden behind the handle and it is very, in my opinion, loud while heating the water. The noise bothers me the most. The pros outway the cons therefore, go for it. :-)",1
Run away!,This movie is almost has bad as Manos: THe Hands of FateAhh! Run away before you lose precious minutes of your life!,0
Fresh water chemical kit.,"I like my fish and I like keeping this healthy. The master water test kit is nice. In the stores they want $50.00 or more to purchase this item. I lost 14 of my tropical because I didn't realize how sensitive they are to water conditions. So I checked Amazon.com to see if I could find a decent water testing kit that didn't cost $50 to $80. Amazon had my kit and the best price around.This kit allows you to test for Ph balance, ammonia and Nitrites in your aquarium water. Step by step guide instructions manual with a color chart and its accurate. I saved allot of money on this item. The savings alone bought my tropical fish food and my Tetra-Minfish food. Still costing less than $30.00. Great Buy and delivered on time.",1
THE Best Horror Movie Ever!,"This movie was the best. It had a original screne plot to it. Not to much blood though, oh well some movies are better without it. Joshua Jackson, and Jared Leto are hot in this movie!",1
this one goes back,instructions make no sense I.E. connect red wire to gear shift lever. I am not drilling holes in my rear bumper for something so questionable.,0
Wide Open Ending,"The mini-series/movie was really good. I thought that it was a typo when I saw how long it is. It is that long, though. Being that long, it tends to drag a bit, but overall, it was a wonderful story. The only thing that I didn't like about it was that the ending was left wide open and there is no sequel in site. This is supposedly based off of a book, but I had a heck of a time finding it online, let alone buying one.",1
An Alltime Favorite forever,"This is one of my favorite albums of all time. Its soo smooth, and Flows seamlessly. WIth Nicolays best work behind the boards and Phonte piloting. Beautiful music. Nuff said.",1
Matlock - THe Second Season,My husband and I enjoy watching Matlock together---which is a good thing since he doesn't like anything but information type programming usually!,1
good product,"this is a replacement pump and it works great, and the price was a lot better than any of the stores in my area.",1
Bad design - drives me crazy,Push buttons on the rim are exposed and active even when the cover is closed. They cannot be disabled. These buttons control ring profiles so that the phone will change to silent without warning.,0
We're addicted to 24,We started watching the broadcast episodes of 24 in season 5. We bought this title bundled with season 2 so that we could catch up. We became addicted. It's a real pleasure to watch this well-made action series without the commercials.,1
French?,I took French in High School but I can't read this. And I didn't know it was in Frnch. The title seemed like the logical next step in his life. no where did it say it was in french and not English. Big dissapointment.,0
Who the hell does she think she is??????,"Trashy clothes and trashy music. Yes, they do go together. And I find her voice simply annoying!!! Christina, Christina, Christina--You are NOT Whitney Houston, nor will you ever sing like her. You have the worst singing voice---EVER!!!!Please dye your hair back to its original blonde color! I can't stand it being black! Put on more decent clothes than a stupid nightgown you bought at Victoria's Secret!!!!And for God's Sake, please take out that damn nose ring!!!! You are NOT Janet Jackson!!!!Don't waste your money on this crap!!!! AWFUL, AWFUL, AWFUL!!!!! SOMEBODY MAKE HER STOP!!!!!Bottom Line: Christina may be beautiful and a great singer no matter what they say, but my words CAN bring her down!!!!",0
Dissapointed,Problem with this mouse is that very often it doesn't work properly. The mouse doesn't work if it is more than a couple of inches away from the computer and sometimes it doesn't work at all. Very disappointed.I'm returning it and buying something better than this poorly made mouse.,0
A since of home...,"For me this story is two side because I work with the Navajo and I am an adopted child myself. I did not learn until I was grown that when my birth mother ""placed"" me for adoption, she had been told to either give me up or they would forcefully take me...and I'm white! I contect very deep with Becks and feel in many ways her store is much my own story. I say it is a must watch...especially if you are adopted.",1
Not the same as Anne 1 & 2.,"This was a major disappointment. I loved the first and second of the Anne series, but this one does not have the same feel or charm that made Anne 1 and 2 so loved. Its like its not Kevin Sullivan making this. Its far to artsy and revolves around the war rather than the characters and green gables. They hardly even show green gables and it even gets burned down. (How could they do that!). I wish I'd never watched this, as its ruined the way I imagined Anne and the others to have lived, happily ever after is what I expected.",0
S.T.Coleridge (NOT T.S.Eliot),"Excellent selection of poetry and poetry-related essays by Samuel Taylor Coleridge. NOTE: previous reviewer seems to have confused Coleridge with Eliot. Coleridge DID NOT WRITE The Waste Land, The Hollow Men, or Ash Wednesday -- THAT is why those are not in this book. He DIED in 1834!!",1
Poor listing,"White-Washed Finish Splat Back Chair By Acme FurnitureYou would not believe your eyes if you see the picture for this product, and especially the listing that accompanies it. The picture shows one nice looking, wood made, dining chair at a more than reasonable price ($24 or $25 per item, it seems), and everything is wonderful, so far. But when you try to add it to your shopping cart the circus starts: just dare to see the weight of the item, and you'll need ice packs: 100lbs for one chair!!!If you are curious and go further checking their shipping rates, the ice is not going to help you anymore because you'll pass out: about $100 for the same!Clearly, I would not recommend this product to anybody.",0
Entertaining Read,"This book is exactly what I want from a 'chick-lit' book. Fun, humorous, with a touch of seriousness at times. A great beach read!",1
Provocative,Disturbing yet provacative. Reading this opinion has moved me two feet further to the right.,1
Incredible show,"A great blu-ray, with stellar audio and video. Quick cuts are kept in check, making it very enjoyable. For hardcore fans, setlist is good for the first half as we get new songs.",1
Maybe Next Time,"I first read several of the glowing reviews, got pumped up and listened to samples of the tracks. I'm disappointed again, sorry. I gave my copy of his first solo album away, and I won't spend my money for this one. Why? to have one of the most soulful voices I've heard (fantastic when the Bro./Sis. act was together)I just don't understand why such a vocal talent has to be wasted on such shallow material.He follows in a long tradition of great male gospel soloists such as Prof. Alex Bradford, and Rev. James Cleveland, and If he does want to do ""love"" songs, he could follow the tradition set by Teddy Pendergrass. Too bad those who select the material and the producers are ruining such a potentially great career. I guess I've just heard too many of the great singers who have gone on before, I'll wait for the next release. He'll finally get there I hope.",0
Ideal for anyone,"I first read this book as a beginner looking to get into reining. I found it easy to understand and the concepts very clear. I still refer to it constantly for training and conditioning tips. It's a very well written book, and is not at all 'difficult' to read. In fact, I found it hard to put down! A great book and well worth a look.",1
"""Tell It Like It Is""","This video should be placed in every school system across the nation. It is a text book in the form of a video. It is full of teachings that are from the heart. ""Tell it like it is"" will make you laugh, make you think, and have you running home telling the truth about everything. It teaches us that a simple thing like telling the truth can become a center piece for generations to come, instilling morals and love in all humans. Thank you Yolanda for sharing your vision with the world.",1
actually i'd give it negatives if i could!!!,"this has to be the most awful, pathetic, horrible, head throbbing, ear splitting, discrase to a rock and roll album that i have ever had the misfortune to listen to. i mean i would rather listen to spice girls and watch teletubbies on ice. i mean nothing can get much worse than this. ...! as soon as i got in my 76' chevette and popped it in my tape player, i could of swore my ears started bleeding. so i took the tape out and threw it out my window. and a huge semi 18 wheeler came passing me and crushed it into a zillion pieces. and thats where it belongs...on the side of the road in a zillion pieces so it wont harm anyone elses music listening. GOODBYE!",0
Not as good as the earbuds,These are not real expensive but I would reccomend the earbuds instead. They are OK but that is about all.,0
Bissell Dual Brush Sweeper,"After looking for a carpet sweeper for awhile. Decided to try looking on Amazon and see what's available. To make a long story short, it fills my needs, picking up dog hair. Although it clogs quite fast, it's easy to clean, light weight and most of all the dogs don't bark.",1
(no title),this is an awesome book that is based on an awesome movie. I love this awesome book it is great,1
"Benicio ""Way-Overrated"" Del Toro","A mechanical script, an unimaginitive director, and a deplorably monotone performance by the miscast Del Toro.Our first view of Del Toro in this film is of him doing what is certainly the worst reading of Shakespear ever in the history of the world. I literally thought it was some kind of sardonic joke the character was playing; but no, that was actually Del Toro attempting to act. Unfortunately for those of us who sat through this film, it only got worse from there. Somebody please tell Benecio that there is more to acting than merely reading aloud! (Or at least ask him to be awake the next time he gets in front of a camera.)Pewwww, what a stinker!",0
Rolling Kitchen Storage,"Again, you get what you pay for. The doors don't line up properly. When I pulled on one of the doors the handle snapped off. The drawer doesn't line up as well. The drawer won't pull out (what good is it). Luckily I have a handy husband who can fix things.",0
Not a Top,"This is some kind of weird yo-yo, it's not a top. It won't spin. It comes with a string and a really sharp pointed bottom edge. There is no place to actually spin the thing. I just wanted something to play with at my desk and this is some kind of magic trick or something. Pretty awful product if you ask me.",0
Junk,"Should have listened to the other reviewers who said these cable ties are inferior. After the first two almost every one broke when I tried to tighten them. The package has the Monoprice brand on it and I'm kind of surprised because I've had good luck with Monoprice in the past. The package also states ""do not open until ready for use"", which tells me they have a useful life albeit short. I guess they expect you to use all 100 ties within 5 minutes of opening the package.",0
YAY!!!,I'm so thankful that this is finally on dvd!!!! I'm so glad this show is finally getting the respect it deserves!!! I will watch every episode over and over again! I just hope the other seasons become avaliable on dvd.,1
Caution on included batteries,"I purchased six of these flashlights in July, 2008. I first noticed that the light was 'somewhat' dim but, not having too much experience with LED flashlights, I accepted this as 'normal'. I had the occasional reported problem with not lighting and having to shake the light or unscrew/re-screw the base to get it to work. Recently I decided to change the batteries (to a ""brand name"" battery) in all the units and what a surprise......all the lights were MUCH brighter than with the original batteries , except one, and the exception was that the acid had leaked from the batteries and ruined the contacts. My bottom line: all the 9-LED lights offered by different manufactures are probably the same, but the batteries make the difference. If you get these, throw away the included batteries and put three name brand ones in and be happy with your purchase.",1
Excellent practical guide to personality disorders,"I found this book to be funny, enlightening and very helpful in dealing with the vampires in my workplace and personal life. Albert Bernstein took the complex concepts of the psychology of personality disorders and made them understandable even to the layman. I was quite impressed!",1
Creepy,"This movie gave me goosebumps the first time I saw it. It is so strange, so creepy, so different. Takes place in N.Y, a model Alison Parker decides she needs some time away from her boyfriend, Michael(Chris Sharandon) Alison, finds a cheap rent in this old brick apartment building. There are strange people who occupy the building, like a priest who sits staring out the window day and night. There are all other sorts of creepy people who live in the building, that Alison meets. What's scary is that, when she calls the realitor to complain about the noise in the apartment above hers...the realitor tells her no one but the priest lives in her building!!! Alison goes on a strange downward spiral after that, and the creepiest things start to happen to her. This movie made it on Bravo's Scariest Movies Top 100! It is a classic horror story!",1
"Boring, monotonous and rushed edition","Not at all impressive, I could not listen and enjoy this recording, as it was done hurriedly and unexpressively. Try Scourby or Waggoner for an interesting, enjoyable edition.",0
Disappointed by Hoover,"I purchased my vacuum Nov 2006. Within the first year I replaced the on/off switch, which was covered by warranty and confirmed by my local vacuum parts dealer as a common problem with the Hoover WindTunnel. A few months later, after warranty expired, the dirt finder stopped working and the vacuum does not seem to be sucking enough because it cannot pick up fine dirt (like thread) from the carpet no matter what the height adjustment. Then the on/off switch broke again. This time I purchased the part and replaced myself because it was not under warranty and, in my opinion, not worth the cost of labor quoted. I previously owned a Hoover that lasted me 7+ years, and I am very disappointed in this Hoover.",0
Now this is anime!!,"I love anime and a friend told me about trigun, a this is a series worth your time and money. There's action, comedy, drama, and of course LOVE AND PEACE!!!! For 26 episodes the series of trigun is a classic, and should be picked up by any person who is a anime fanatic, and since the dvd set has all 26 episodes, it saves alot of time and effort when u can just watch them that way instead of looking for every dvd to the series.",1
Great machine,I was determined to get a Workx GT until I did some research and read all the poor reviews. I looked around some more and the Black & Decker seemed to be the best electric trimmer for the $$. I have to say I am quite pleased with the machine. I was tired of dragging a cord around my yard - that would reach everything. I didn't want the weight or maintenance of a gas trimmer. I don't have a ton to trim so the battery life has been fine. The extra battery keeps me going until I'm finished. I love the trim guard that keeps me away from plants and keeps me from breaking string on my concrete landscaping border. The automatic string feeder seems to work fine so far.I'm glad I got this trimmer.,1
"Yeah, its good","Its a little over the top in parts for me, but there's no denying that Dorn knows what he's about. It is not as experimental as the likes of Autechre, Richard James/Aphex, and it isn't as slyly funky as Amon Tobin's stuff or the recent Funki Porcini, but Dorn gets quite a psychedelic groove going. Dorn also is pretty imaginative in his rythmic use and placement of samples. He hasn't quite ascended Mt. Olympus yet, but he's getting real close. Recommended.",1
Not that good.,"Game froze every time I entered ""Create"" mode. What can I say? I'm a creativity nut. This was even after I cleaned the disc. Let's just say, it's no wonder that there were only 2 Raw games and, altogether, 11 Smackdown games, from Smackdown 1 on PS1 through Smackdown Vs. Raw 2011 on PS2. The Smackdown series was always superior!",0
How does he manage to keep being so funny.,"As a registered Dilbert addict I recommend this and all of hisworks. He has a brilliant wit, doesn't take himself seriously andwrites much better than he draws. His books are an essential read for anyone that works in or deals with the corporate world. The last sections of this book take a new direction where he ventures into speculation. Take that part seriously, unlike some of the other reviewers here, for he isn't joking about that. The book is a must read.",1
Cry Baby,"For Johnny Depp Fans, cry baby is not the usual movie that you would picture Johnny Depp playing. This movie takes place in the 1950s, a time when you were either a square or a drape. Johnny Depp is a drape that falls in love with a square, watch and see the fun musical about what happens when they make a square a drape. This movie also includes Ricki Lake.",1
really simple and easy to use,"It's a really innovative product, makes awesome coffee and is so low tech you could take it camping. Really brilliant.",1
Late is better than never,"I purchased this book ages ago now... but I thought I should give it a quick review...This book completely changed they way I look at head modeling, facial animation, and lip sync.I highly recommend this book to anyone even slightly interested in learning more about any of these topics and looking to create an edge in their skill set... I consider this book a 'killer app' of sorts.",1
Bad Battery,"I purchase this phone as a Xmas gift for my roommate. She didn't set it up until mid-February. Now, only 2 months after she started using it, the battery has died. My Sanyo phone did the same thing, but it lasted over a year before this happened.",0
Blink's Back Better Than Ever,"Blink 182's newest album, The Mark, Tom, and Travis Show, is their best. It has all of thier best songs (except for Party Song and Anthem). The live versions are much better than studio recordings. For instance, Going Away to College has a new harmony. You feel as is you are actually at the concert. Plus, Blink's new song, Man Overboard (which is studio recorded) is excellent. The only bad part of this CD is the immature jokes. They are disgusting and unfunny. But other than that, this CD is worth every cent.",1
amazing sixties,unbelievable music ...groundbreaking...and to think this was recorded in 1968!!! Can anticipates punk and so much more...listen to this and think that the beatles were composing sgt. pepper..that pink floyd were composing atom heart mother...then step back and see who the true innovators of the era were...bottom line: this sounds as good and aggressive and important today as it did when i first heard it in '68,1
You would have to be an inbred to really love this movie,"Kind of a boring horror movie that is not very scary or entertaining. I give it two stars because I like the creepy bald guy. There are a couple of cool scenes but it is nowhere near the original Texas Chainsaw Massacre(Or the new one, or any of the sequels for that matter!) One scene that kind of was scary was when the bad guys were going to eat a baby. That is kind of disturbing to any one who is human hopefully. I think the problem with this movie to me was I did not care about the characters. I was indifferent to their plight. Please rent this first before you buy it. I think you will thank me. Buy ""Last House On The Left"" instead. 100 times better.",0
Security Loop is practically useless,"I purchased this stapler because of the security cable loop that is practically useless because of its size and position.The angle and size of the too-small loop doesn't allow for the insertion of a security cable. I ended up having to feed a zip tie through the loop and attaching the zip tie to the security cable. Also, the stapler broke within a few weeks.The spring popped out and the accompanying directions don't describe where it belongs or how to reinstall.",0
A dissapoinment.,"This book deals with the alleged secrets revealed to three Portuguese children by Virgin Mary.From the beginning, the book's purpose is obvious: God sends a message that Communists are evil and if the world does not convert to Catholicism and bow before the Pope we are doomed. Communists, Freemasons and non Catholic population will burn in Hell by a God who demands of children to inflict pain on themselves by tying strings tightly on their limbs.This book has been a HUGE waste of both time and money. Open minded people should look elsewhere for a good read. I only wish I knew this before buying it.",0
one of the top reggae producers of all time!,"This CD is definitely one of the best reggae CD's ever produced, and as far as I'm concerned, it's Gregory's best. Everything about this album has a natural way of making you just want to groove with the music. Go Greg!",1
"Nice design, poor quality","After about 4 mos. as my Time Machine drive it died. Lost all my backup and the drive will not mount and Disk Utility cant format it.The WD warranty is one year, but I am out the shipping cost to return it, plus my backup.The drive enclosure is fine, the rubber endcaps are nice. On/Off switch and low noise are great. Runs a tad hot, but the activity light has a pleasant glow.Overall, I like the drive, especially for the price. I just won't give it more than 2 stars since it failed in such a short amount of time.",0
something is wrong!,after couple of restars my computer refuse to boot. i should try another one! card or computer!!!!,0
"Well, it does grind pepper.",I bought the pepper grinder because of the one handed operation and the way it looked. It does grind pepper with one hand as advertised. My main complaints about this grinder are that it:A. Does not grind enough pepper per squeeze andB. Chunks of pepper are left even when on the finest settingYou could do much better than this grinder. The one handed operation is not worth putting up with large chunks of pepper all over your food. The pepper mill in your spice aisle at the grocery store does a better job.,0
cheap & nasty,"This product just lacked in quality. Plus, the disc was temperamental, it would get stuck, stop and start at regular intervals.",0
Bad experience with AAA Toner on leaking cartridge.,"I purchased a cartridge from AAA Toner. The black powder ink leaked shortly after using it. Black spots were on all of the printed pages and the powder ink was inside my printer. After paying a printer repair guy to come out and look at it and clean the inside, he showed me where the cartridge was bent and the powder leaking out. I attempted to obtain a replacement from AAA Toner, but they would not do so. If you are searching for recycle/refurbished cartridges, buy them from someone other than AAA Toner. They are not worth the hassle.",0
Hmmm,"Predictable. Unfortunately the movie felt like an after school special. The acting is really good, I just wish the storyline was better...",0
camera bag,It was fine smaller than expected. But it will work for me.It arrived timely and packaged well.Dale,1
disappointing,"I was very disappointed in this product. The ornament was dated 2007, and that wasn't advertised. I felt like I was paying for a re-gifted itemI returned the item before xmas, using the return address on the box, which wound up being the wrong address, and had to pay an $8 to ups to have the package re-directed.Still don't have my credit...big disappointment all the way around.",0
great read,"I didn`t know this was a series of books based on 1 person,not that it matters you can start anywhere as I started on this one which is the 5th.I will go back and read the others.This is a real page turner,very well written and really keeps you interested.",1
"Annoying book then, annoying book now","I hated this book in high school and I hate it now. The author uses the words ""anyhow"" and ""old"" and ""to tell you the truth"" so many times on a page that it makes my head throb. Reading the book is like reading one continuous run-on sentence.",0
Is there going to be a Director's Cut Version?,"This movie is a critically under-rated 4 star guilty pleasure for me. But like the previous reviewer, I recently watched it on cable (AMC) with a completely different opening scene not included on my GI Jane DVD. The scene depicts Demi's character Luge-ing in skintight black vinyl suit in a failed attempt to win an Olympic time trial. Later, I watched several other scenes in the AMC re-broadcast not found on my DVD. So, does this mean there going to be a G.I. Jane ""Director's Cut"" Version?",1
"Loved it, Loved it!!","I could not put the book down....there was always something new happening that had me intrigued. I loved the scriptures and ""thoughts out loud"" from the characters as they worked through issues in their head. Although I am not a pastor or a pastors wife the characters were relatable and still you learn and gain something from the characters struggles that you can apply to your own life.",1
i'm in the minority here but...,"first of all i hate negative reviews just because someone dislikes an ""interpretation"" of a piece, however i just coudn't find any thing good to say about this cd. dvorak's ninth is mine and many others favorite because of the lyrical quality of the symphony. kubelik seems to ignore this and go right for the drama. the timpani and horns are miked way too loud and the strings are an indistinguishable mush. you can find many better on budget labels. thanks for reading and this review applies only to ninth symphony.",0
Good but not the best.......,"I like the book, but it didn't have as much action as the #2, #3, and #4. Kristy and Claudia have a new English teacher named Ted while their old english teacher is out on materity leave. Things get off to a great start! Sadly though, when Ted hands out a list of books for recomedation, some parents aren't happy.If you want to read about the cons of book banning, then this is for you. I can't wait for #6!",1
A note for you........,"Lynn Leistinger (Clifton Park, NY) :You can get Kill City on www.musicstack.com the original bomp green one.I had to post this here, so you'd get it. Couldn't find an e-mail address for you. I tried.Lol.You have great taste in music.Diane. :)))",1
Releases A LOT of electromagnetic radiation,"I love the sound of this product. However, I am giving it one star because it releases A LOT of electromagnetic radiation. I use a Gauss meter to measure electromagnetic radiation for all my electrical objects -- especially the ones I sleep next to for many hours.I measured the Marpac Sleepmate and was atonished to see the meter go off the charts. I thought maybe I had a defective sound machine so I checked another Marpac Sleepmate and found the same problem. I have an electronic (non mechanical) sound machine (Sound Oasis) and it showed very little electromagnetic radiation.I prefer the sound and the quality of the Marpac to the Sound Oasis, but the amount of radiation is just too high to justify its use for so many hours at night.",0
nice,"My wife, kids and I are pleased with what we bought. Amazon is definitely a great place for home school supplies.",1
"A must read, inspirational guide book for living and loving.","Ever since I discovered the Urantia Book I cannot put it down. The Audio book has been incredibly helpful because the book is lengthy, and I listen to it while I'm driving to and from work. I initially started at Part I - The Central and Superuniverses, but got a little bogged down with all the new terminology, so I went straight to Part IV, The Life and Teachings of Jesus, which I just finished. I was moved to worshipful tears repeatedly. Part IV covers Jesus' life in beautiful detail, and explains how the early church got started, as well as the True Gospel of Jesus, which has gotten distorted through the ages. I recommend this book to anyone who wants to understand their personal relationship with God.",1
Great guitar playing,Standout guitar playing and quality talent on drums and bass as well. You want a centric guitar CD to listen too and possible learn from this CD will not disappoint.,1
This is going back,"I was looking for some software to help my fourth grader with math facts, computations, etc. (He's an Everyday Math victim.) The activites, even at the most advanced level, are much too easy for him. Pointing and clicking at different piles of cookies is not division. This is a complete waste.",0
A great disappointmnent,"We bought this antenna for our new HDTV but were very disappointed for its poor performance. The reception was poor despite hours of tunning and optimal location. Some supplied brackets did not have holes drilled correctly making them useless. We had to find out substitutes from hardware stores. The workmanship was clearly inferior. On top of that, customer and tech support were very unhelpful and unprofessional.Overall, we cannnot recommend this product.",0
Great book series,This is a wonderful book. Very well written. It's great to see that there are still fantasy writers on the level of Tolkien that don't write for children. (no offense JK)If you like fantasy read this book then watch the series on HBO it's also damn good.,1
"Easy-to-understand, straighforward Data Modeling Text","This is an outstanding text for dbms courses. I use it with another, more broadly-focused text in my dbms course. It has easy-to-understand diagrams and it is easy to read as well.Daniel A. Joseph, Ph.D. - RIT College of Business",1
To loud,"To loud ,they also did not come with a battery for the panties!! They are very disappointing!!! Will not buy again!!",0
Ronson,"Nice Variety of vocal and musical; in several arrangements, Ronson skillfully blends ""big band"" and modern sounds in a catchy, distinctive style not common in USA",1
african-american males,This is an exceptionally well written book of fiction by a African-American male.,1
Fine album,"I second the other reviews and add a bit of trivia. The cover photo struck me as oddly familiar, then I realised why. The Rolling Stones obviously parodied it for their '70 live album 'Get yer ya ya's out'I love it when pop culture cannibalizes itself. (As in Skynyrd/Neil Young,etc.)",1
Great Gift!,Collection of movies in this set is really good. I bought several of these DVDs for Christmas gifts and all the recipients were very happy. Seller delivered on time and product arrived in perfect condition.,1
Good God Almighty!,"I was reading this book on a flight from New York to Los Angeles and the flight attendants had a hard time preventing me from opening the hatch and throwing this out the door. I would reccomend pornography before I ever recommend this book. For the love of God, don't do this to yourself!",0
Take a chance and buy this.,"I took a chance on buying this CD, as I only heard about it from a friend, and had heard no music from it. It ended up being truly one of the most worthwhile CD purchases I've made. My idea of music was so much more limited before this CD. I liked only a few of the tracks, and really didn't appreciate the grindcore tracks except for their over the top quality. But after a lot of listening it redefined music for me. It is truly refreshing and unlike anything I've heard. GREAT STEPPING STONE IF YOU WANT TO GET INTO SOMETHING DIFFERENT! I highly recommend.-Chris",1
A deep but easy to follow guide to SUCCESs in a world managed by the ideas,"This book was chosen by many as the most important book of the year and I absolutely share that praise. If you want to success in nowadays environment, you really need to have clear ideas, with strong basis, easy to understand by others and with minimal possibility to get lost in the execution stage.Heath brothers made a profound research about the 'ingredients' of successful ideas, and in this book they share their findings, moreover, they teach you how to apply this principles in you daily life so your ideas can reach a high level of achievement.I believe that this book will become a classic and a it will be a basic reading, just because good ideas increasingly rules who wins.",1
Great series!,Really enjoyed watching this video series! Full of information and quirky little re-enactments that keep each segment interesting and full of excitement! Would reccommend!,1
Grinder,A terrific machine overall. I would reccomend it to anyone who has a desire to grind their own flour and bake their own bread.,1
3 Months and Already Out Of Print????,"Lately Disney is making wrong choices with their shows. Zorro is a well loved series, and very much popular. You'd think that when Disney put this series on dvd, that it would be on sale for 2-4 years or so. I know there is a profit in selling the box set. So why did Disney decided to sell the set for a limited of 30,000??? That makes no sense. The box set came out in Nov 09, and 3-4 months later it's already Out Of Print. Seems pointless to sell the series, and then discontinue it so short of time. Very disappointing.",0
You've lost the plot dude......,I used to be a good friend of Russ Pay - I hope he reads this review. Sort your (...) life out mate. You used to be a great musician and an inspiration to all that played with you. This is just a pile of toss. All I can say is that the money must have been good - or that George is feeding you too many narcotics. Sorry mate - it's (horrible) - however you probably already know that...,0
"GREAT calculator, lousy manual","If there's a better calculator out there in the <$20 range, I haven't seen it. This is a huge step up from my wife's old fx-180P I had planned on using for the PRAXIS II math test (until I picked it up the other day and it rattled as I shook it).The road map-style manual is the only reason I took a star away from it. A booklet manual with an index would be a big improvement.",1
Not just a story,"I had as much fun reading this as my kids did. But its not just a story, its an I spy game to. We noticed that there is one baby that is upside down on almost all the pages, can you find her? And as the babies crawl after the bees and bats they begin to follow the babies, can you find them? We had many different ages enjoying this book - 2, 4, 6, 8 & 33!The black shadow drawing lets the kids use their imagination more.",1
Unfortunately I had to give it at least one star,I'll keep it simple. Don't waste your time. This was the worst movie that it has ever been my displeasure to view in a theater. By the end of the show I wanted to strangle whoever it was banging on that [...] piano! If someone other than Kubrick had done it would have went the straight to video route.,0
Good alarm clock.,"Good alarm clock.I've had others recently that didn't work well. I got this one a few months ago and it works very well. My only complaint is that the nobs on the side stick a little when I'm setting the alarm, but that is minor. Over all it works very well in comparison to the others I had before and the price was reasonable.",1
Blah,Not recommended. Very disapointing. Wished she had ALONE on the CD instead of Independence day.,0
Doesn't work,This game isn't working for me. I don't know why If anybody can help please e-mail me at ToughGuy@aol.com. Watch out the first time I'm tried to play this game it crashed my computer.,0
I'VE NEVER SEEN A GAME BETTER THEN MAX PAYNE!,"Let's see where should I start?GRAPHICS> The picture is extremely smooth and detailed.GAMPLAY> Hard at first because up on the D-Pad is to walk and the left joystick's left and right are to turn. Left and right on the D-Pad are sidestep and down is to move backwards.FUNNESS> If I could put 999,999,999 stars I would.HARDNESS> If you like tough games search no more because this game is H-A-R-D HARD!OVERALL> This game is the best game for my PS2 and I have 27 games so far and this is #1-#1-#1! 100% goodness!!!!!",1
"A POWERFUL STATEMENT ABOUT THE COMMODIFICATION OF SEX, WOMEN","John Briere, PhD, Associate Professor of Psychiatry and Psychology; Director, Psychological Trauma Program, LAC-USC Medical Center; Keck School of Medicine, University of Southern California""Hundreds of thousands of women are trafficked into the United States each year for sexual commerce, joining an even larger number of women and adolescents who are exploited as prostitutes, strippers, escorts, and pornographic objects. Melissa Farley has pulled together the work of some of the best researchers, clinicians, and advocates in this area, creating A POWERFUL STATEMENT ABOUT THE COMMODIFICATION OF SEX, WOMEN, AND CHILDREN IN OUR CULTURE. The information you will find in this volume is not pretty. But it will introduce you to a world that may have escaped your notice-hidden, as one of the authors notes, in plain sight. I VERY STRONGLY RECOMMEND THAT YOU BUY THIS BOOK . . . AND SHARE IT WITH YOUR COLLEAGUES.""",1
Great creepy character (Melvin),"I noticed this one got a lot of bad reviews - people talking about how Laymon's works published after his death weren't that good.I disagree - I liked this one. The main character Melvin is about as creepy as they come. Laymon does a nice job characterizing him and letting you know what is going on inside his head. There were a few times I actually laughed out loud over some of the things he said or did, only to cringe a paragraph later when he did something unexpected. It is nice to find a book where a character elicits that kind of response.The plot isn't very deep - this is more of a fun, easy read. So don't over analyze it - just go into the experience to have a good time and a few inappropriate laughs, and you'll like the book.The Kindle edition is put together very nicely. Margins are the right size, didn't find spelling errors, etc. Some of Laymon's works seem a little rushed with the Kindle editions, but this one is in good shape.",1
Final Fantasy I & II Bundle,"I ordered this for someone else who does absolutely love it, and who was surprised at how quickly it was shipped.",1
The cables do not work well,The cables do not work well with the ipod 3rd generation. You cannot listen to the ipod while it is plugged into the power supply. All other cables work well while plugged into the power supply but these cable will not allow you to do it. I experimented with other similar cables and the ones that came from Apple for the ipod. They work well. I then exchanged to these cables and again had problem. They recharge okay with a power supply but you can't listen to music while they are recharging. My wife tried these cables on her ipod and had the same problem.,0
"""Michael York Ruins This Recording"" as previously stated","I love this particular book in the series and was sooooo disappointed when I began listening to it. I could not believe that the producer of the audio tapes wasn't cringing as I was every time Michael York slipped into his Aslan, lion voice....It was really pathetic......I agree with everything the previous reviewer said about the really poor job done on this reading. p.u.",0
Not quite what I expected,"The device is only ok. My biggest problem is that the picture is misleading. The arm does not bend and is actually completely straight, which means that it won't fit in my application. If the arm was flexible (or even rigid but bent as the picture shows) then I would have been happy with it...",0
The greatest in the series,"Look Who's Talking Now is my favorite in the series of Look Who's Talking Movies - Danny DeVito and Dianne Keaton are a real treat playing the dogs, the plot is very enjoyable, Kirstie Alley and John Travolta make this movie shine, i especially like the dream sequences between the two.This movie is an underated must-see movie!",1
teeth of the tiger,slow no much action. clancy never finished writting the book. i felt somewhat cheated,0
"NOT a ""Soft Spout""","I was disapointed to find that these ""Soft Spouts"" were actually HARD PLASTIC. They should not advertise them as ""soft."" I wasted my money and now more of my time. I will reorder and get the soft white spouts for 6mos. This item is for my preschooler who has become acustomed to the soft spout on the sippy cup that he uses at night to drink his water while we read books before bed.",0
disappointing,"I went in search of Vives' disks after realizing that he was the singer of La Gota Fria (which apparently is no longer available). I'm a big fan of Cuban music, and I'm just getting into some Columbian. Though I liked a few of these songs, they are too ""pop"" for my tastes. Some even bordered on the cheesy. I don't mean anything against Vives since his other disks have been better, but I really am not very fond of this CD.",0
"Awful, awful, awful, awful.......","Wish i could be more original than that but, it goes with the movie. AWFUL. I had to look away from the screen at points because everything was AWFUL!",0
Works Well,Have used this filter a few times now and really liked the results. Would give it a thumbs up for anyone that is looking for a soft focus effect.,1
Don't buy this. It's not the REAL thing,"Do NOT buy this from buy-it-now store. It is a cheap, cheap knock-off. The ""store"" did not respond to email and, of course, there's no phone #. If you want to REAL thing do not buy this.",0
1st case was cracked,the only problem i had with this purchase was when it arrived the first case on the top was cracked...,0
Great album but not a classic...,This is a great album but far from a classic to me. I really enjoy the diversity it brings and continues to get rotation in my car but its not an album I tell people they have to have.,1
Pop til you drop,"The first time you listen to Brousal, you keep thinking, wow, that sounds like some other great singer. Wait, now it sounds like THIS other great singer. Then you start to recognize the unique tone to her voice and inventiveness of her music and you stop thinking about those other has-beens.This is a great CD -- and I'll bet she's even better live!",1
Cap gets disassembled,"Collecting storyarcs featured from the last run of the current volume of Captain America and from Captain America & The Falcon, Captain America Disassembled finds Cap a little more than battle worn after what's been going on with the Avengers. Robert Kirkman (The Walking Dead) scripts the first arc, which is the main highlight here as Cap fights off against the Red Skull and the usual array of rogues. The Captain America & Falcon story is nothing special though, even though Modok makes an appearance (and every Marvel fanboy knows he's worth a laugh or two). The art in both collections is solid, and Kirkman's story makes this volume worth picking up for Cap fans. Captain America is getting relaunched yet again though, under the helm of Ed Brubaker, which is also worth picking up.",1
Warranty Problems,"Warranty ProblemsCannot regIster earbuds as valid serial number yealds a ""this serial is invalid."" Is a warranty really available?,",0
"I wish I could give it five stars. I really do like it, but..","This is a lovely design and it spins beautifully even in mild winds but why in the world did the designers allow the inner spinner to be able to reach the outer spinner? The small spinner on the inside, when things get going very fast, will wildly swing out and loudly clang with the outer spinner. I don't understand why the inner spinner isn't slightly smaller or the outer spinner isn't slightly larger. If they didn't have the ability to touch this wouldn't be a problem. Still, it's a very nice little wind spinner. I just thought that was an odd oversight.",1
Last Breath: The Limits of Adventure,"Conventional wisdom has it that dying out in the snow of hypothermia is a gentle, nearly painless way to go. Dreamy. This intriguing book presents more details and morereality on this, and several other ways of dying. I'm rereading it and sharing it with others. Good for conversations. I'm assuming that the author researched and that it ismostly medically correct.",1
Lousy waste of money,"This is NOT a steam cleaner. No steam involved. The bristles don't move. We spilled something wet and immediately tried to steam clean it. All it did was drip some water on the spot and then suck it back up. We don't have thick carpets, but I know it didn't get any sort of deep clean. Tried it on an old spot, too, and the steamer didn't clean that up, either. We're taking it back for a refund. Try another steam cleaner!",0
hated it,"boring ,no fun game, my 5 year old daughter hated it, passwords have to written down, the only one who might enjoy this game probably doesn't have any other gameboy game to play with.",0
Jim Gaffigan-Beyond the Pale,"Beyond the Pale is the latest album from comedian Jim Gaffigan. Jim Gaffigan is a lesser known, but now gaining fame due to the show My Boys and appearences on Comedy Central, comedian who has to be one of the most talted in the field to emerge in a long time. Gaffigan combines dry wit, with a slightly more absurd comedic style in his act. He is also known for giving his own running comentary on his act in a softer voice, often from the viewpoint of an audience member. Overall, this album features some of the funniest comedy to come along in a while and is truely worth picking up for anyone who enjoys intelligent comedy, with a bit an absurd twist.",1
Good and fast in operation,"The flash drive is fast in copying files and data. I had tried with big files, and it seems to be pretty fast and its unique design of gripping makes it easy to handle and install to a USB port.",1
not about a cooking school,"Very disappointing, the only good thing in it is the food. It's terribly condescending and author's ego is all over the place. But the most annoying part is that while it claims on the back that this is a book about a cooking school and anyone about to open a small business should read it, this is not the case at all. She only talks about the school a bit at the beginning and then we are just left with her life, her view of the French, which is not very exciting, and an awful lot of adjectives.",0
"Caution, no CD+G","I was anxious to get this CD and received it quickly. However, I was disappointed to find out that this CD does not offer graphics. At least, graphics to not seem to work with my CD+G Karaoke machine - though I've not had a problem with others.",0
Horrible Movie,"The sound track was alright. Thus, the reason I gave this movie one star. Other than that, I wish I had never watched this movie. This is a depressing movie about four 4o something year old college buddies who have a sort of reunion in this luxurious beach house. Their reunion consists of doing drugs, feelings sorry for themselves, and having a pity party. And those aren't even the worst parts. Save yourself the agony and find something more productive to do with your time and money.",0
Pale Imitation Of Duke Nukem 3D,"Nowhere near as good as the Duke Nukem 3D for IBM platform. Looks a lot like Contra from the NES days. If you are looking for the same action as Duke Nukem 3D, look elsewhere as this does not contain first person graphics, Duke sound effects, etc. I am very sorry that I bought this.",0
not a good book if your child is not a math wiz,This is a terrible math book. There are very sparse explanations to help students or parents get help if they don't understand a topic. All the book consists of is a bunch of example problems. My daughter had a book from a different series/publisher in sixth grade that was great. The school switched to this series/book when she got to seventh grade. The seventh grade book (this one) was not at all helpful.,0
a noisey shaver,I am so far disatisfied with this purchase because it is so loud when it is running that I am almost ready to use ear plugs. It cuts my beard o.k. and the trimmer works well and is easy to clean but annoying compared to my old rotary head shaver,0
Jogging headphones for people with little earholes,"These are my jogging headphones. They don't fall off when I run, and I run with more than the average bounce, if you know what I mean. And I have small ear-holes, so other headphones start to hurt, pressing against my ear canal in a suprisingly agressive way.",1
Great toy,"My daughter sits at this all the time. She had no trouble getting in and out of it and loves the storage space. It was very easy to assemble, even without the predrilled holes.",1
Radon Detector Works Great,This radon detector arrived quickly and works great. I am able to monitor the level of radon in my basement and see when it fluctuates up and down. If it gets too high and stays there I will be able to know when it is time to mitigate for the radon and keep my family safer.,1
Foreigner and Dire Straits are billions better..................,"AC/DC are just as bad as Nirvana. Bon Scott sings so horribly, and just sounds like a dying duck who just screams. The fact is, AC/DC they've only made a single decent song in the title track ""Highway To Hell"". The rest of the other albums and songs are terrible. I'm glad both Kurt Cobain and Bon Scott are DEAD!!! Thankfully they will never annoy me again. For good lovely music, get Foreigner and Dire Straits instedwho were a billion times better than this lousy AC/DC album.Avoid this and Nevermind of Nirvana 2 of the worst albumsever.",0
HANGMAN'S DIARY WITH A VIGOROUS STYLE,"Franz Schmidt's diary is written in a pity, vigorous style which probably reflects the way he went about his unenviable business. The supporting material is just what is needed to make us understand the world of Franz Schmidt.",1
you learn mathematics by doing it.,"I used this book for a course I taught at the University of Connecticut. It has a lot to offer, especially for the price. Sample problem: draw a bunch of lines across a piece of paper. Can the resulting picture be colored only in black and white, with no adjoining regions sharing the same color? Works through examples like this one in excruciating detail, encourages the reader to sweat through problems, the payoff coming when you start to see patterns not in the problems themselves, but in how you approach them. Last chapter consists entirely of problems, with suggestions on how to attack, and then extend them.",1
totally misadvertised,"The coasters are NOT glossy or made of pretty stones as they appear. They look like a cardboard printout picture of the rocks on top of a coaster. Absolutely dissatisfied and NOT at all worth the price. These look like something I would have paid 3 dollars for at a thrift store, not to mention I bought them new and they have clearly been used. DO NOT buy this item.",0
Don't waste your money!,"Very unhappy! Just got this in, no box, no case, plain plastic bag. Had to force batteries in, then the LED doesn't turn. The image is way too shaky to see IF you can even get it to focus at all. Not worth the postage to send it back...Caveat Emptor!",0
Concerns about the Brenthaven Edge I Sleeve,"I just received the Brenthaven Sleeve for the Black MacBook that I just boughtfrom Amazon. I wouldn't call it a sleeve because that implies that you canslide your laptop in from the top. It is more of a zip-open luggage style case.There is also a zippered compartment inside the case, and I am concerned thatthis zipper might rub against and scratch the MacBook. It is also so snug inside,it's a struggle to get the laptop seated. I'm wondering if I was sent the right case.On the plus side, it is very well constructed, but don't think it's right for me.",0
"Cheap, but still not worth it","The item quit working after about a week of use. It just simply quit playing CDs altogether. I procrastinated and waited longer than 30 days to seek a refund, now I'm stuck with sending it back to the manufacturer. They require a $6 shipping/handling fee, which is too much considering the cost of the item. I'll just trash it and buy a Sony, which I should have done in the first place.",0
Good Read,This is a well written first-hand account from an actual POW in Vietnam. Mr. Anton does an excellent job of detailing his experiences.,1
Kick ass,"It's so funny reading reviews from little kids who've watched these movies in 2000 and 2001 for the first time. I'm 21, so I was a kid when the first ""Child's Play"" came out in 1988! I LOVE Child's Play 2. It's my favorite of the set. Part 3 I thought sucked. I remember a scene when Chucky steps out and says the equivalent of ""Boo"" and the victim makes this HUGE scene like he's been shot and dies of his own accord. Dumb. Bride of Chucky is just funny as hell, so I have to give it a good review. Overall, I'd love to have it, so thumbs up on this set!",1
the hell?,"after seeing Casino Royale, i assumed that whoever was in charge of the James Bond franchise was doing everything they could to make it fantastic. then i saw Craig's sequel... what a motherloving let down! Quantum of Solace, the best thing about it was its title.in short, Casino Royale might be the best Bond movie ever. Quantum is one of the worst i've seen. oh, how the mighty have fallen. the third Craig Bond film will make or break the franchise, i believe. and a tip for the writer, allow James to have sex with a woman who actually survives!D",0
BLESSINGS SHOULD'VE BEEN TITLED BORING!!!,WHAT A WASTE OF TIME. NOT ONE OF ANNA'S BEST WORKS. THE CHARACTERS LACKED DEPTH AND THE STORY DRAGGED ALONG LIKE A SLOW DEATH. WOULD NOT RECOMMEND THIS BOOK.,0
FAKE,This Product is fake. Doesn't work with any card reader on the market. Upon opening product nothing is inside. Be wary with anyone who currently sells this card.,0
What's become of the Great American Songbook?,"This is a collection of the cream of the cream of the Great American Songbook by a rock'n'roll singer who contributes nothing at all to American culture. This rate #1 is to express my deep deception about the successful album series.Over exposed material which has been treated so many different ways by so many different vocalists with artistry should be treated respectfully.I am not a dictator but I would vote for a Law that would impose respect for some art expressions which represents the treasure of American culture.More than that, the series success reflects lack of understanding of the music context by people who should search for entertainment in a more valid and truer way.That's the deal: there is truth missing, there is a sensation of a money-make production. Mellow arrangements, neglectable performances, lacking creativeness. To be completely forgotten some years ahead.",0
"Book lacks orginality, writing stilted","I bought this book hoping to find some answers. All I found was cobbled together new age claptrap. One chapter hardly relates to another, and all the ads at the back made me feel like this author just threw anything out there just to get an opportunity to sell me something else which I found personally offensive. The bottom line on this confused melange is that the book is so poorly put together and badly written that it's an insult to readers. The Radical Forgiveness theories are not only, not original, but also very hopeless because the author advocates that we are not responsible for anything that happens. The book's title is also a rip-off of the book, ""Radical Honesty."" The story in the back on Princess Diana is a tastless attempt to weave some celebrity connection to the author, and after what he said about the poor woman in the story I was disgusted that he had the nerve to dedicate the book to her. What an insult!",0
Magnificent follow-up,What a good tie in. It follows the story line as seemlessly as Frank Herbert's original does.,1
great mp3 player,"I recently bouht this mp3 player for myself. Although I have never bought one before, I was very impressed with its sound quality, size, and memory. If you are looking for a good mp3 player for a low price, this is probably the one for you.",1
not hard enough,this cd is ok... i like the lyrics i guess but someone being used to harder rock i just dont like this cd. the person who sings isnt all that good either.,0
Very entertaining,This is the first of Steve Berry's books that I've read. I liked it so much that I bought all the novels by him that I could lay my hands on (from my favorite local used books store). It is action packed and well researched. I admit that the conclusion of the book seems a bit far fetched. His depiction of the Vatican's intrigues do not seem very far from the truth though (except perhaps for the murder parts). It is the kind of novel that I find perfect to relax at the end of the day or on vacation.,1
WAY TOO SHORT,"These wraps are a youth length and THE AD SHOULD HAVE STATED SO!!! Way too short for any practical use, coverage or protection.",0
Fat Albert and the Cosby Kids -Vol 2,"This series is great for teaching Character Education. You have the concept/Character Trait, then the story centered around the topic/concept, followed by music.This is a great teaching tool!",1
Worthless Seed Sower,This product is worthless...does not work as advertised! I would not recommend this product to anyone! Wolf Garten makes a cheaper model EAM that works much better than this thing!,0
"Great vacuum, affordable price","We had a Dyson vac which worked great ... until it broke. Getting it fixed would've cost a lot just in shipping. You see, there really are no repair shops in the States for Dyson. So, we threw our $300+ vacuum away after about a year's use. We bought the Bissell a few months ago. Having just bought a new wool rug that sheds like crazy (easily fills the dirt receptacle twice every time I vacuum). Also, we have a 2 yr old, three dogs (2 boxers, one mix breed puppy) and a cat, so we vac A LOT.The Bissell is excellent - great suction, multiple tools on-board and a nice detachable section (we don't have stairs, but if we did this would make cleaning them a breeze). You can turn off the rotating brush, which is great for tile. It's got a HEPA filter (I mentioned our animals, right?) which makes me feel like our air's maybe a bit better than it would be. Very happy overall (the bagless system is great, but lost a star as the receptacle could be a little bigger).",1
wears out too quickly,"These paticular wacoal bras wear out too quickly for me,lasting only a few months,even though I still keep wearing them at $60 a pop!!! The other issue I have is the underwires in these bras are always cut too short and never go from point A to point B, so they poke me in my side!!! and the third issue is that the underwire area is always too scratchy under my breast.",0
Defective,"Unbelievable - the product received didn't work. Since amazon is not the seller, the seller doesn't accept returns, says I must deal with the manufacturer; I say to the prospective buyers - buy only from amazon directly so you can return if the product doesn't work",0
The Education of Little Tree,This was a fabulous movie. I loved it. Very informative about the Native American children who were forced to go to the Christian schools and how they were abused. I real eye opener. Must see.,1
Mr Bell A wolf in sheeps clothing bewaire,Please ask God for understanding of the word and not man. Man can twist and send the wrong message. God Bless,0
Kindle Ease,"I bought this for my wife for our anniversary. She usually does not like using technical products but she loves her Kindle. We took it on vacation and she was able to sample books and buy another one without having to lug around 3-4 books in her suitcase. It is easy to use and she never has to ask for help on how to use one feature or another, it is very intuitive. The only negative I can give it is that it is too easy for her to order books now! But at least they max out at $10 instead of the $15 to $27 that she normally pays.GREAT PRODUCT!!!",1
Disappointing,I was so looking forward to this game. Unfortunately it was not what I had hoped for. I would not recommend it for true gamers.,0
Andre Bernard Lives in this Book.,"This is a wonderful book that keeps Andre Bernard's thoughts and teachings in the technique of ideokinesis.I recommend this book for actors, dancers and people of any profession!It speaks clearly to having a healthy mind-body relationship with an understanding of how our body parts fit together.The reader will have a journey that leads to a pain free body and sensible postural pattern.A must read!",1
It is a full circle.,"Once I read this book, all others were compared to it. I feel like a story should come in full circle. This one did. It's rare you find a book that you feel like you've accomplished something when you're finished. You've learned, you've smiled, cried...everything!! Classic DS",1
a story like the slug,this story is nothing like the wind. this book could be good if he cut out more of the details and and wrote more about what is actually happening he has to detail it so much teach chapter could be 12-16 pages long.,0
Kindle Version Really Bad!!,"Bought this for use in the field. Useless, as uses ""locations"" instead of page numbers. There are no page numbers on the pages to find your place.Additionally, while turning the pages one jumps several pages ahead and must go back to the contents to navigate.Absolutely worthless!",0
Delightful mix of non-stop gore and humour,"EVIL DEAD focusses on five college students who go to stay at a holiday house not knowing that it is ruled by demons. Four become possesed leaving the hilarious Bruce Campbell to get rid of them, the results are extremely grusome and wildly funny. Followed by EVIL DEAD 2: DEAD BY DAWN which I thought was even better.",1
An Unquiet Mind,"This book was startling, unsettling but insightful into the mind of a woman who deals with bipolor disorder. I had to put it away at times and come back to it because I felt such sympathy for the author having to go through what she did in life. I lent it to a friend who's daughter is bipolar.",1
Shipped with part missing,"This watering can is nice, but like a number of other reviewers, mine came without the removable rose attachment that the product description promises. I give it only two stars for that reason. Those other reviews were posted months ago -- this problem should have been fixed by now. Annoyed!",0
Great product for the price,I don't use all the features but it's a great product nonetheless. It still leaks though from time to time when you switch from the upright position to the ironing position frequently.,1
Best Pots Ever,"If you are a serious cook, these are the only pots to buy! These pots last forever and cook evenly.",1
Buyer Beware,"When I first purchased this vacuum I was very impressed with the ability it had to suck up pet hair. I have a cat and a dog and it seemed to work wonderfully at getting the hair out of the carpets. However, 9 months later the vacuum has become a piece of junk. It simply blows the dirt it ""sucks up"" right out the back side of the vacuum and back all over the area just vacuumed. I am not the only person experiencing this, I had recommend the vacuum to a friend that told me the other day he ended up so mad that he threw it out into his yard and went back to his 20 year old Kirby. And his machine is only about 6 months old. Since both of these units were purchased through Amazon, there seems to be no recourse on any type of return warranty coverage. The only thing that sucks with this vacuum is the fact that I paid $90 bucks for it!",0
Awesome brow product,Once I tried Bare Minerals Brow Color I knew I'd never bother with anything else again. Makes filling in and shaping my brows so easily and error-free.,1
Red Skelton Christmas,"The most loved comedian that ever lived I believe. I gave each of my kids this CD for a Christmas present. They grew up with listening and watching Red Skelton. Now that they are adults with kids of their own, they have their kids watching Red Skelton.",1
Hard to stay awake...,"This film is really boring, filled with non-sense and poor production.How can this movie can be nominated for seven Academy Awards ? I really don't know. It is supposed to be Brad Pitt's best performance...I disagree, he is very common actor in this one. He has done better in almost any of the film he was involved. Bad and boring film...",0
it works fine,It's a mount. It works. It's sturdy. I think it was pricey but I needed it for the projection unit.,1
Doesn't Do Anything,"I used this product for about 7 months. When I ran out recently it took me awhile to order some more. I haven't been using this product for about three weeks now and my skin is no different (actually it might be looking a bit better). I have combination skin and am prone to brake outs on my chin with some minor blemishes on my cheeks from time to time. This lotion has salicylic acid in it which is supposed to be good for acne prone skin. My breakouts never improved while using this product and now that I've discontinued using it, I haven't noticed any difference except that my skin actually seems to be looking clearer. Needless to say, I won't be restocking this item in my medicine cabinet since I never saw an improvement in my skin while using it. I'm still using Active Moist as my general facial moisturizer.",0
Messy and easily broken feeder that attracts bees,"This cheap plastic butterfly feeder was a very short lived educational toy for my 6 year old daughter. It broke within the first few days even with gentle handling, it leaked and it attracted bees and we never once saw a butterfly come anywhere near it.",0
The bible on infant sleep,"I buy this book for all my friends who are new parents. It is the definitive book on solving sleep issues - Dr Mindell's has written a scientifically sound book that is accessible and reasonable. The thing I like best about it is that it gives parents choices and the opportunity to actually ""parent"" their children to sleep, rather than just parrot a checklist of what you should or shouldn't do. I also find it to be very easy to read, which is just as important, especially when you are at the end of your rope and sleep deprived.",1
Story Telling at its Best!,This page turner displays Anderson's wonderful capabilities for writing science fiction and fantacy masterpieces,1
Great book for expectant parents,"This is an outstanding book that should be read by both expectant parents. It discusses not to raise a child that is how an A student, great athlete, or future world leader, but rather how to raise a student who does well in school, life, and society.Mr. White interviewed parents from different cultures and child rearing methods and gives the reader straight advise on methods to improve your child's chances for success in their life ahead. I highly recommend this book to anyone who is ready to have their first and also as a re-read to those working on their second, third, etc. A definite must!",1
Simply Outstanding,"I can relate to Sutherland's role as a bitter old man with Parkinson's. My father is in this very condition and the Donald plays it perfectly. This could not have been an easy part for him. All the acting was supurb for that matter. Excellent film, my wife and I highly recommend.If this movie touched you, also try 'Mrs. Palfrey at the Claremont'.",1
Product is exactly as ordered,"I received the exact item that is displayed in the picture. All if the correct warnings and labels as well. Frontline and Advantage are the only two products I have yet to try for my cat's fleas. I will change the rating if and/when I see the results. I'm starting at 4 stars because I was worried that I would receive a product unlike what is shown/ordered. (As others have stated) I will update the review on the results soon.Update: After over 24 hours, the cats have stopped scratching. So far so good!",1
Honest & sweet,This movie has heart & touches anyone who has found themselves out of work due to their lack of education. It is well-written & easy to watch & enjoy.,1
Handy kitchen tool,"Very handy and a microwave user must-have. Much easier to use to cover small bowls and cups. I love using this for making ramen noodles in the microwave. And just covering bowls of soup. And much better than using those large microwave covers that take up most of the microwave. Also, it seals well but pops off easily to remove.",1
A thought or two,"I do like this album - there's something about Mirwais' in-your-face-bass that really hits the spot. The difference in styles between the various co-producers on each track is particularly noticeable - overall, however, I would say that this is an album that is poignant while remaining strikingly simple.For those who criticise ""mindless drum machines"", I put forward what I remember of a quote by Bjork. She said that, if the music has ""no soul"", people tend to point the finger at the computer. However, Bjork suggests computers are just a tool, like guitars or pianos. If the music has no soul, that is because no one has put it there - it's not the fault of the computer.I believe that Madonna given this album a soul. You decide for yourself.",1
Worthless,I found this book to be a waste of money. One just doesn't know why some pivots have been considered and some not considered at all. In effect: Total Waste,0
WHAT IF BARRY MANILOW SANG TOM WAITS?,"Okay, Tom is one of those artists who's music transfers well to almost anyone's interpretation. They are just damn good songs, and it's hard to mess up a good song. But listening to this music is like hearing Tom Waits emasculated, or maybe a Stepford Tom Waits. Hammond's voice and delivery doesn't even approach the pathos or spirit of Tom's. Sure it has a nice ""Blues groove"", but the spirit of Waits is lost in this recording. If Tom's music is smoked brandy,this music is a blended daiquiri with a paper umbrella. Holly Cole, who is, sometimes, so upbeat I want to slap her, gives a much more sensitive, gritty, and moving performance of Waits' songs than this Julie-Andrews-Guy. If you want mediocrity, buy this cd. If you want artistry, pass it by.",0
Please!,"Are you kidding me, this isn't progressing this is the exact opposite. Yeah its progressing if like like your hardcore all fluffy. This album has it good moments but over all it is a let down from their previous albums. I really like this band though and I hope their next release gets alot more heavy. If you can find it check out Bleeding Through first album Dust To Ashes, now that's brutal.",0
very soothing,"My clients love this CD. I had no idea how many people are annoyed by new age-y music while being massaged. Perhaps annoyed is a little strong. However, I've never had so many compliments on what music was being played during a massage until I started playing classical. It has all been positive.",1
An excellent primer for web project management.,"Clearly, the web as we know it will only become more and more ingrained in our businesses and our society. As a relative neophyte to the Internet space I found this book to be invaluable in developing a better understanding of web development. Probably, the best thing about the book was its focus on practical applications and real world examples. The Internet of the 1990's was filled with industry jargon and pie in the sky ideas that have gone the way of the dodo (and Internet stocks sky high valuations). If someone is looking for how to develop a web site the right way, right away then this book is a great place to start.",1
Its not an experiment - its a fact!,"The Intention Experiment is a great book to explain a powerful force that has been known by humans for thousands of years. Now 'science' can confirm it. Truly this is not 'new' - but that is not an attack on the author or the book - they deserved full marks (and its a great read) - what is interesting is the fact that this is the discovery of how manifesting works, which was taught by Wattles, Haanel, Edison, Hill, etc wrote about and taught for so many years.You can understand why/how it works with 'The Intention Experiment', but if you want a set of instructions on how it works just for you to get what you desire - just go back to the source:Think And Grow Rich: The Personal Study EditionThe Master Key System: The Personal Study EditionPath To Prosperity - Mastery Of Destiny - Acres Of Diamonds: The Personal Study EditionThe Science of Getting Rich: The Movie - 2 Disk Set",1
I will not purchase until the extended version is released.,"Greed is always a bad thing in the end. It is shame to tarnish such a wonderful landmark movie with such a greedy attitude of withholding the extended version for so long. 2011 or 2012; you got to be kidding me. By the time the actual extended version is released will I still want to buy it? Who knows, but I do know I won't be buying the theatrical version. I'd rather re-watch my extended version LOR DVDs which look pretty good played with my PS3's up scaling.",0
Worked perfect,Placed it in the car and did the job. Reverse lights started working and I finally passed the safety inspection for my car.,1
You have to work to live,"This book is perfect for advanced beginners who are ready to continue disciplining their game. The slow building of complexity, the ordering of patterns, and the perfectly framed problems make this book hugely useful. Less experienced players be warned, however; Davies often boldly pronounces many statements that would be self-evident to more advanced players, but which may be more cryptic for starting players. Consider the perfunctory ""Since each half of the white group touches both of the internal liberties, White is alive"" (page 17). Having studied the problem, laid it out on the board, and worked through variations, I am pleased to say I NOW understand precisely what Davies means (and I'm a far better player for it, given the ubiquity of this arrangement). But without a board and stones nearby and some patience, this statement would have required more textual explanation for someone at my level (maybe 13 kyu?). In other words, prepare to GET TO WORK to improve your game.",1
Old Heinlein,"Book was recommended to me because it had some very interesting parallels to the Iraq War. It's old Heinlein and even old sci-fi so the writing style drips of this. A very ""ok"" book with only a couple scenes that I thought were extremely well written. But liked some of the attitude of the characters as they were very realistic to being in a war. But overall a book you can definitely skip.",0
Okay movie....but,"It was an evening's entertainment. If you like the adventure of violent storm, graphic injury, with an aggressive bear on the chase, it could hold your attention. The story is of a step-mother and teen coming together, with the father actually paying attention to the teen. I see how it is the teen could say her step-mother was a know-it-all. She was a bit too well informed, even in my opinion. The teen does rise to expectation, but the wrap-up scene of a very pregnant mother, with a very revealing neckline was a very unexpected scene. It is not a movie I would choose to watch again, nor recommend to others.",0
Love them!,I loved this earrings. When i purchased them i read everyones reviews first and i thought they where going to be too big. Not at all!. I think ill also buy the 8mm ones. the size is perfect. They can be passed as diamonds at a distance specially if you are wearing them with other cz stuff. Also the price is way too good to say no.,1
Yawn...,"This movie was incredibly slow. I fell asleep twice. If you are going to go based on the good reviews, rent it first and decide if you want to buy it. I will do that from now on with these independent films that are rated high. What a let down. The acting was ok, filming was a bit wobbly, and the story was good. What made this real boring was the narration from the main character. They were trying to fill in the blanks. Maybe it would have been worse if they didn't. Overall, I did not like it.",0
Worth buying!,"Now one would think that a rap song about a washed-up comic book character would be silly and/or stupid, but believe it or not, this song is pretty pimped out. And I agree with Mr. Heering, it's alot better than the two versions on the soundtrack album. I higly recommend this disc.",1
Amazing!,"Over the years, I'd heard snippets of the story of 5 missionaries who were killed trying to reach a tribe of people civilization had not touched. I finally purchased the book, and could hardly put it down. I learned how hard it is to be a missionary - all the things you must do in addition to sharing God's love. I was amazed at the dedication the men had to reach these people, knowing they might lose their lives. I was also amazed at the peace the wives had once they learned of their husbands' deaths. The trust they all had in God's ultimate plan was a challenge I hope to attain.",1
Boring and dreary!,"Having bought the Lifescapes ""Just Relax Mexico"" CD and LOVED it, I thought this one would be good too. WRONG!!! The music is slow, dreary, and depressing...even annoying. Skip this one!",0
"What an awesome DVD this could have been, if Geffen hadn't ruined it.","Finally we get the entire music video collection from Queensryche. Unfortunately, somebody who should be shot, decided it would be cool to have the band talk over the start of nearly all the music videos, essentially ruining them. Geffen & whoever was in charge of this project screwed up in a major way! This could have been one of the best DVDs out there...",0
not as described,Contradictory to the description of the product there are no English sub-titles. Movie by itself is phenomenal but only my children (they are speaking French) can enjoy it. Hungarian sub-titles are not very helpful.,0
nice scent,"My husband sits by the pellet stove to relax. It's in the basement which gets musty, once in a while. I thought the cedar incense would be a pleasant masculine scent for him. We both love it. I took some to use in the living room. At Christmas, I burnt these every day to add to the spirit of the season.",1
Very well written novel,"This story held my interest on every page. It was very well written, and very interesting. It was a great escape for me. :)I won't re-write what this story is about because other reviewers have done a very good job of it.There is a lot of interesting things going on in this novel, yet it was easy to keep track of and a very easy, fun book to read.I took one star away only because I wanted to like the main character more than I did. Actually, I didn't like either her or her husband. I really liked the mule trainer though. I highly recommend this book, and it doesn't matter much if you like the main character, she is interesting.",1
Mental / Emotional Rape = Love,"I loved the first 150 pages of this book. The characters were fun and the settings were interesting. Everything was great until the hero and heroine met. Then the whole book went south.The Rest of the book is about Derek's desire to have sex with Chantelle. And the sex is his only desire. He doesn't know anything about her and doesn't seem to care. He never even asks what her real name is, although he insists that she use his real name. He's manipulative, selfish, and pretty much 'seduces' her into the sex. (Where I come from that's called emotional rape.) I ended up hating him, and not understanding why she loved him. Frankly, I thought Chantelle would have been better off with one of the eunuchs.But of course he falls in love with her (falls in love with having sex, because they never have a conversation about anything else. How can you love a complete stranger?) and it all works out. Blah. I won't make the mistake of reading another Johanna Lindsey book.",0
Great Shop Vac,"I use this vacuum to clean up all kinds of messes I created in my work shop. It works great. It has a bit of a high pitched whine to it, but it is not nearly as bad as some of the negative reviews stated. It has excellent suction, and picks up sawdust, wood chips, metal drilling remnants, nails, screws, and all the other junk I drop on the floor or bench. The hose has two positions in the vacuum hose holder itself; one is just to hold the hose, and the other, if pushed all the way forward, is to run the vacuum scoop on the front of the vacuum. I think the people who complained about the power of this vacuum forgot to push the adaptor all the way forward to make an air tight hook up to the scoop. The weight and size makes it very handy, and it gets into all kinds of tight places. Best shop vac I have ever owned.",1
Success remains out of reach for Flash on final album.,"By this, their third album, it was quite obvious that Flash were not going to give Yes a run for their money. In fact, Flash wouldn't even come close to matching Yes' commericial and artistic successes. A lame concept album about some guy from the Planet Catalina, Out Of Our Hands stumbles in the usual places: weak vocals, inane lyrics, lack of keyboards, etc. Why group leader/guitarist Peter Banks never bothered to replace Tony Kaye on keyboards after the first album is the head-scratcher here. Trying to do it all on guitar, Banks and band mates just can't seem to muster the musical depth to keep up with their prog-rock counterparts (although Banks' guitar work here is awesome, as usual). After this album, Banks retired Flash altogether and started a new band called Empire. They recorded three album's worth of material in the late '70s - none of which was ever released by a major label until just recently (on One Way).",0
Finally!,"I did run out and buy this CD on June 29; in fact, I had the date marked on my calendar. I was especially anxious to get it, since I've yet to hear ""Get Born Again"" played on local radio (what's up with that, Houston?). I would have rated this CD five stars if there had been at least one more new song. But ""Get Born Again"" is definitely vintage Alice, and worth the purchase price for the CD, which also includes some CD-ROM stuff. I can't wait for the box set in the fall.",1
Utterly frightening,"The red-headed girl in this ""movie"" freaks me out man. She looks like she's about 9 years old, but acts like she's 30. I think I even saw her drinking coffee and smoking a cigarette. As for the movie itself...it stinks, don't waste your money like I did. If you have fond memories of it as a child, then don't try to re-live them by watching this 'cause it's just plain disturbing (especially when the boy gets a wig).",0
Intriguing Sci-Fi Story Captures Your Mind To The Last Word,"In Evan's Voice, you meet Jake, a teen without a mother, Evan, Jake's plague stricken younger brother, Mrs. Garvey, a neighbor and docter, Jacob Adam, a mysterious storyteller with a different kind of story, and Mellie, Jake's best friend whose father wants her to marry a 'gizmo' for money. They all live in a plague-decimated Earth in the 21st century. Aside from the everyday problems of a street teen, Jake has to take care of Evan as he gets steadily sicker, and defend Mellie from her father. When he finds the storyteller for a school project, he suddenly sees a glimmer of hope that could make Evan better. This story keeps you enthralled to the last, making you yearn for more at the end of the story.",1
They sent a completely different item!!,"This vendor has a picture that does not match the item at all. The description does not match what was sent either!! They shipped out a ""Lexmark X2670"". They offered to replace the unit at their cost, but then they never said what unit they would be able to send. Then they had the nerve to be sarcastic about why our company would need a ""copier/scanner/fax"" that can function as a stand-alone.Would NOT recommend this vendor.",0
Severely overpriced at $5.99,"Let me be clear here: I did not have high expectations for a mandoline priced at about six bucks. Having said that, I did expect to be able to create reasonably simple cuts like french fries (if not superfine juliennes). But alas, it was not to happen: the blades and supports are so thin and flexible that getting even semi-even cuts is nearly impossible. Slices are noticably thicker on one end than the other, but the blade won't cut through a vegetable without a little pressure (which is what's warping the cuts).The hand-guard at least is better designed.In short, save your six bucks and either cut by hand or buy a real mandoline. This one will only frustrate you.",0
Great Relaxing CD,"I picked this CD up in a small record shop while on vacation in Santa Fe, New Mexico 5 years ago. The music is wonderful. Very peaceful and relaxing. Nice pan flute. I hope this group continues to make more CDs. I will get their other CD titled ""Turquoise Visions"".",1
unimpressed,I wish I had read the reviews before I purchased this item. The neck stretched out within the first two minutes and so the chicken won't fly. I'm a bit disappointed but I should have known they were low quality because of the price.,0
One Lame Movie,"The theme of this ~~film~~ is the foolish assumption that superior intelligence will confirm the ignorant and arrogant belief that GOD does not exist. While state of the art science clearly proves the impossibility of evolution, atheists desperately cling to the Darwinian fallacy. Ironically, if there was a personal contact with ``benign aliens`` who confirmed Divine Creation, the evolutionist would probably still attempt to justify his own misguided position. While there are ``billions and billions`` of stars in the universe, this failed film gets 1.",0
Costa Rica,Excellent information. Very detailed in all aspects of living in Costa Rica. I can tell a lot of research and effort went into writing this book. I found it very helpful to me.,1
Book fell apart,"Within one hour of beginning a reading of this paperback book...""Lieutenant Gatewood""...the binding came unglued and the pages separated...very shoddy work by Bison Books as ordered through Amazon. Totally detracts from the ownership of this rare and valued history by an almost forgotten soldierwhere is the submit button?",0
An OK book that is out of date.,"This was an OK book in it's time, but it is now completely out of date. This book covers InstallShield 5, which is not supported on Windows ME, Windows 2000, or Windows XP. Both InstallShild 6 and InstallShield Windows Installer Edition are different enought from InstallShield 5 to make this book obsolete.",0
Highly underrated,"Great little movie. I'm surprised it didn't get better reviews. Kids and adults liked it. Check it out, good addition to your movie library.",1
Tyree's Tattoo Library,This book is really cool if you are not sure what type of tats to get. But I got for my son because he can draw and figured this could get him started on different designs and styles.,1
Book is so small,The book is so small and hard to read. I'm disappointed in the size of the book. It's not big enough.,0
An old gut's innocent mistake - not worth fighting about,"At the time Amazon says that I purchased the Kindle Edition of the Wall Street Journal, I was completely unaware that I had done something to authorize this transaction. I am passed 75 and had not used my Kindle in almost a year because I find it difficult to remember how to do things.When I got a notice indicating that I was being charged $1.99, I could not figure out how to dispute the charge. Because it was only $1.99 I said forget it. I did not touch my Kindle again for several months.Incidentally, I never viewed the WSJ Kindle Edition.",0
Quality product for the price,"I bought the 94"" round cover. The Gardelle material appears to be quite durable. The ""quality"" vinyl cover I bought last fall tore in late January. At this time, this cover doesn't even show signs of straining at the seams. This winter has not been particularly rough in PA, but I like what I see (or don't see) so far. And since the price is comparable to (in some cases even less than) those of vinyl covers, I would highly recommend this product over vinyl.The only reason I did not give this product 5 stars is because it only has two straps to secure it to the chairs. Unfortunately, the elastic cord does not seem to keep the cover secure during high winds. It would be better if this particular size had six straps since it is designed for a six-chair table set. I spoke to Classic Accessories and was told that they are looking into adding more straps to their covers.",1
Excellent Paper,This paper make great prints on my Epson 1800. If your going to bother printing yourself might as well use the best.,1
A near-perfect book,Maximum recommendation for everyone interested in metal and/or occultism. This book does a wonderful job of illustrating the crossover between the impulses that drive people both into metal and into spiritually and energetically frustrated expressions of the occult urge in humanity. The appendices are highly valuable as well.,1
Killing Time - Different but Enjoyable,"I enjoyed this book. I salute Linda Howard for trying different types of story lines. Don't listen to the negative reviews. If you are a Linda Howard fan, read it and enjoy. I know you'll love the end. By the time I closed this book - I was very satified and had a smile on my face. I will never miss a Linda Howard book!Don't forget to read my very favorites - After the Night *******, Open Season ******, Shades of Twilight ******, Son of the Morning *********, Dream Man ******, Dying to Please *****.",1
Don't be fooled,Re-written and expanded my left foot. The expanded part comprises of about 1 page of dialog and and additional scene. If you have the original story in the short story collection don't waste your $. The series is fabulous but this republished story was just a grab for more $.,0
Fast delivery,"Rack wouldn't revolve when I first opened the box, but my husband took it apart and oiled the little bearings and now it works fine. Very speedy delivery, thanks for the great service.",1
shipping disappointing,This was shipped in an envelope and one of the brush packages was crushed open.Need to use something a little more substantial for shipping.,1
Typical Affair,"This was a novel of twists and secrets between a married man and the only love of his life. When Adam realizes he can't marry Natalie and must marry Julia thanks to his father's doings, he is devestated. This romance gets a little slow in some chapters but then it pumps up. It is a typical story of two people having an affair that must be kept classified, but, in the end, it will bang you with a surprise. It's worth the read.",1
a good book,"Definitely an enjoyable book that gives insight into the behind-the-scenes details of congressional politics. ""Showdown"" is a great book if you are interested in the nitty-gritty details of lobbying or Congress and Birnbaum and Murray provide a knack for detail (and humour) rarely found in today's books. Written in '86ish, and still a classic. A great supplement to ""The Power Game"" by Hedrick Smith.",1
"This book is worth purchasing, but was disappointing.","This book does give you a good historical lesson on Pale Ales. If you truly love Pale Ale, I do recommend this book; but it is quite factual and somewhat boring at times.As a homebrewer that brews extract beers, I was pleased that the book did offer extract recipes; however, the number of recipes was somewhat limited.I certainly do not mean any disrespect, but I was disappointed by the book's excessive use of exclamation marks. In my opinion, they give the book a sarcastic tone.However, if you enjoy Pale Ales as much as I do, relax, get this book, and have a homebrew.",0
Absolutely horrendous!,"My aunt sent me this book with a bunch of others she was getting rid of. After discovering that it was a book of retold fairy tales, I quickly began to read it. 5 pages later, however, I realized just why my aunt had gotten rid of it. It's awful! With all due respect to those who liked the book, it has absolutely no depth nor purpose. This book is a complete waste of time.",0
the other reviews are over optimistic,"The author does provide simple and light treatment of the basics, then plunges ahead with examples of his own circuit boards.It is not clear to me if any board will function with the same programs/examples.I hope there is a better text out there.",0
Don't buy this!!,The product lasted for only about 5-6months. it has started giving issues & their support team just makes me go over the reset steps again and again without trying to understand that the product is not functioning properly.,0
Wire Whip Dishwasher Trick,"I still can't believe that Kitchen Aid can't produce a dishwasher safe wire whip! I'm now on my third whip because eventually I would forget and toss the whip into the DW. That causes the top attachment piece to oxidize, become covered in a black sooty-like substance and drip black water into my batter sometimes no matter how well I'd dried it previously. My ""so far so good"" trick: When I store my wire whip, I put a bright green clothes peg on it. When I take the whip out for use, the peg gets clipped on to the front of the upper rack of my DW. When I am hurrying through cleanup, the peg reminds me not to put the whip in the DW and I immediately turn and hand wash the whip. The clothes peg goes back on and into storage or into the mixer it goes, peg and all, Maybe it's a senior thing, but it sure works for me!!",1
WONDERFUL,I have been unable to find this Simple Lunch Box anywhere and I have been looking for one to replace the one I had! The ones I have seen are too big or too small for the containers I put in it to carry my lunch.THIS WAS PERFECT!!! And I was so happy with the color I choose!!!LOVE IT!!!,1
Good Game But very short,"I am a big Zelda fan and when i found out Minish Cap was out, i was really excited. The Minish Cap is a great game that is just a very short. the Kinstone fusion adds to the value but in the end i beat the game in 3 days. The graphics are great, the sound is good but is not like the other games in the serious. the gameplay is good with the shrinking and the puzzles are at a good difficulty. The problem is that it is short. Buy this game",1
All copies should be sent back to the publisher for recycling,"I have an extensive library with a large section on Rolls-Royce and Bentleys. This collection is often lent out. There are only a few books that I would never lend and this book is one of them. There are too many miss-identified photos, even if pretty, and text errors to list. In a reference book meant to teach its subject this is not acceptable. The many errors may be taken as truth by those not as familiar with the subject. Those who are familiar with the subject will be disappointed. I have many books written by Graham Robson and all of them are excellent and contain no errors, even minor ones. Did he actually write this thing? Who researched (and messed up) the photos? I bought a copy at great discount immediately after it was published and after reading it thought perhaps the book had been withdrawn. Unfortunately I was wrong.",0
Works great,"Price was right. I installed it, and after figuring out the timing of when to plug the phone into the PC, it worked great. I use Cingular, and have a Razor. I like it. Ring tones that I want, in a jiffy, and free.",1
Release the product!!!!!!!!,I would like to give you a review. This game has been scheduled to be released with 5 different release dates. I don't believe we will see it this year.,0
Not a bad premise,"You know what, hiding behind all the cheesy special effects, bad acting, ludicrous action, and nuclear submarines, lies a not half-bad story about a man obsessed with confronting his nemesis, about the brutal and unconquerable strength of nature, about the force of the captain's personality in spite of his madness, about destiny and fate. Somebody ought to dump all the crap and stick with the story. Only, that name--Moby Dick? Seriously? That'll never work.",0
Mission Computer Desk,"This desk isn't adequately packaged for shipping. Just a few pieces of brown paper and styrophome corners with the desk pieces inside the box. The first time the desk was shipped to me, both of the legs were broken and the top had a corner smashed and a gouge in the center. When Target sent me a replacement desk, that one had broken legs also. A desk with no legs is worthless.",0
Jabra Ear Gels,"These are not the same that come on the earbud, and are not easy to use, or to hear from. I sent mine back!",0
"Very good and easy, pro results.","I decided to try this tool since I frame a lot of photos and I make my own wood frames. I usually went to Michaels to buy custom mats. They are very expensive. A double mat (8 x 10) is more expensive than this tool alone. You can buy mat material on Amazon also which I did. So I am into it for just over $100.I just took this tool out of the package , read the easy instructions, and made my first mat in 15 minutes. Works great. This tool already paid for itself. If I make mats for three photos, that will cover the $100 cost which included the tool and 75 mats !Make sure you have a good straight edge and take your time. The instructions include diagrams which should be followed exactly.",1
Better than Red Rabbit but not by much,"not very realistic,comic book characters, plot is sketchy,and this book is just the prelude for a sequel. I wont't bore you with the plot; suffice to say the dust jacket is the book. With this book Clancy is continuing to show that he is past his prime and his books are lacking imagination. Wait for the paperback version.",0
"boring, condescending and just plain irritating!!","OH - I get it...slacker is tongue-in-cheek for ""Oh Muffy, you're doing a GREAT job"" UGH -- give me a break. I don't really know any moms who read parenting books. I guess the world is full of them and they are all judging me. hm - I say ""Who cares?""...We all do the best we can. This borrowed (thank goodness) book infuriated me and I didn't crack a smile once. More of a biography of her family and home life. She didn't really talk about parenting all that much - just herself. I recommend Erma Bombeck (like others have said) or David Sedaris for a REAL humorous look at life.",0
Spectra-Garbage,"Do NOT buy this toy. An adult cannot even achieve success with this hard to manipulate toy. You can use a plastic stylus to move the mini-lightbulbs to the color of choice, but it doesn't work well. Or, you can use your hand in an attempt to achieve the same aim. This method irritates the skin in no time (possibly for a child needing more sensory feedback, this feature might be of value). Even when one tries to draw a row of colors all the same, the slightest pressure in the wrong direction renders your efforts futile. The packaging dishonestyly beats the drum for the simplicity of this toy. After playing with it, most people are disappointed in what they can produce. If I could get my money back for this toy, I would.",0
MADE IN HEAVEN,"I wonder why this film under rated all this time, of course this is not an A class film, but the cast was just fit, especially the cameo. Anyway, I hope this will on the blu-ray market very soon and satisfy for all who love this movie.",1
This was recommended to me by a mechanic friend.,"I first learned of this tool from a friend that's a mechanic. So, when I was working on a car where I thought this would come in handy (2000 VW New Beetle) on, I bought it.It made life SOO much easier. Although I've only used it one time on one car, I wouldn't hesitate to purchase it again. I think it's a good tool to have around the shop!",1
"Liked it, but thought it would be better","This documentary was good but I thought it would be better. I may have had too high of expectations, however, since I had been eagerly anticipating seeing it. It is an excellent testament to the power of tapping and do recommend seeing it. Just don't expect in-depth story lines of the participants or high quality footage.",1
The Show is Merely OK,"Some of the bits are funny, but I just can't simply love this show no matter what. It relies far too much on beer drinking, farting and burping - and doesn't have the heart of The Simpons or the wit of King of the Hill. It tries to be witty by splicing in several references to 70's and 80's pop culture but these always feel forced and trivial. Many of the characters are plain annoying (Peter and Chris) while others are under-developed (Meg). Stewie is fairly funny but he's kind of a one note song (does the same things over and over and uses the same lines in every episode like 'what the deuce!'..funny the first time but repetitive very quickly). Brian the Dog can be VERY funny and simply needs more screentime as the Griffin Family's alcoholic pooch. 2 stars for some moments of levity.",0
Bob Dylan : The Karaoke Version,"I suppose my title tells it all. While I would go the distance to purchase a new Dylan item to listen to - this live recording at Budkoan leaves me nauseous. I am left wondering what Dylan and/or his promoters, were thinking about when they came up with this musical format. The 'up tempo' musical background coupled with Dylan's attempt to join in by adding his own uptemp vocal elements put simply, destroys the poetry of his songs! This is one live concert to be avoided - even by the collector!!!",0
Entertaining Documentary on French & Indian War,This documentary was very well done and gave real insight into the beginning of the French and Indian War. It is refreshing to see that this struggle for the possession of the North American continent is finally getting the coverage that it deserves. I would highly recommend this film both for the novice and the serious student of this often overlooked period of American History. I can't wait for the next installment!,1
Simply Beautiful,"In the past, I was hesitate to purchase Barbie dolls for my daughter. However the new sense of diversity with the addition of a variety of skin tones has change my view. Thanks for giving my daughter a doll that favors her.",1
Has it's moments but not overall great ..more focuses on the younger audiences and was not funny,"Well this is no Shrek, Findidn Nemo oh wait it's not like most animated films oh wait it is better then Shark's Tale. I found this film to focus more to the younger ages and focuses to much on the naimation and the voces and not on the story. The movie is about Marty the Zebra (voiced by Chris Rock) pampered friends Alex the Lion (Ben Stiller), Gloria the Hippo (Jada Pinkett Smith), and Melman the Giraffe (David Schwimmer). David Schwimmer is the only thing good about the film, Jada Pinkett Smith seems lost and the rest are ok. Overall not that much jokes make the film slow and not intersesting.",0
What is all the hype about?,"This book is selling like crazy and all of my friends had read it and absolutely loved it, so I decided to read it too, just to see what all the hype was about. I must say I was pretty disappointed. I read the whole book in about an hour or two, and I got nothing out of it, the whole plot is pretty lame in general. It just seemed to lack the depth and [true to teen life] perspective that other popular teen books have these days. Some people liked the poem format, but I for one found it just annoying and distracting. It took away from the plot in my opinion. In general, the book seemed like a waste of time.",0
Who did the music?,"At best this is a bad B-movie remake of Hardcore.But who did the music? the credits only list two peices, neither one of which apppears to be the arabic music all thru the film.",0
"good music, but with too much background noise","good music, but with too much background noise. Her the Italian version is recorded, that important message should be shown on the cover. Thids version is not dull, but there is adifference with the french version (next to the language).",0
Worked fine until cleaned,"Out of the box the product worked well for a few weeks.When our cleaning lady inadvertantly washed it with whatever cleaner she was using to clean the shower the mirror surface lost its ""magic"" -- now it fogs up quickly. Running a stream of hot water over the surface give momentary utility.Sure would like to know what to do to rejuvinate the surface and make it work again.",0
Great!,"My 10 year old daughter chose this book, and she loves it! The author's review is very accurate. Kids of different skill levels of drawing will enjoy this book and get a lot out of it. Mine is not an artistically ""gifted"" child - but she is happy with her new ability to make her drawings look like horses! Children who love to draw and will spend a lot of time on a drawing will appreciate ALL the wonderful tips and hints to draw and style the horses. The format is friendly - and even if she doesn't ""do"" all the details herself (the different braided manes, pairings of horses etc) mine LOVES looking at the pictures and having the simple and clear explanations. Highly reccomended!",1
Kindle copy full of typos and punctuation errors,"Although the plot and characters were carefully crafted, Simon and Schuster did a lousy job of editing, I have never read a published work that had so many punctuation and spelling errors. As an author myself I would be horrified to have anyone purchase an e-book of mine with with this many errors.",0
He's Baaack!,YES! Dylan's back and better than ever. This CD is loaded with great songs. I listened it through 5 times in a row the first time I put it on. The man is back.,1
What a joke!,"I'm a huge fan of zombie movies, so when I saw this in Wal-Mart (on sale for only $9.00)...I figured I'd give it a chance. Bad idea. Not only did this movie have a ton of holes in the plot and continuity issues, it looks like it was filmed with a home video camera. It's seriously bad. No redeeming qualities whatsoever...except for the fact that you'll probably get a few good laughs out of it. The acting is terrible, the effects are pretty ridiculous, and it's so cliche it'll make you sick. Avoid at all costs!",0
"Very nice, not great",I live in a smallish downtown condo so this center channel speaker serves my room size well; as well as using my Onkyo SR605 7.1 receiver. Would highly recommend for a small space.,1
horrible,"It broke within 4 hours of having it...I was so mad that I did not want to send it back for a new one. There is no point of getting one from here. I was walking with the bottle and it dropped out of my hand, 3 feet down to the CARPET floor. The bottom exploded and shattered. I thought these bottles were supposed to last long...this has been the 2nd bottle I have had that has broken because of falling to the ground.",0
awesome,because of you is one of the best dance/pop/freestyle songs of all time the musical production and sweet melodies in their simpilcity still give me the chills today. Show Me is sweet too with a cute video.,1
beware Canon users,I used to love this program but not anymore. I was advised by Surething to purchase the upgrade from version 3 to 4 and this would enable me to use it with a Canon i865 printer for direct CD printing. When I took the plunge I ended up having to download an update from special programmer who had done some sort of template. The template does not work very well and you still have to set it up to a degree. For some reason Surething wont support Canon printers. They have lots of template's for Epsons but no Canons. This of course is only a problem if you want to print direct to CD so if your printing onto paper labels there is no problem doing it that way.,0
Worst Movie in years!!,"This is just pethetic! I don't get the point of watching the movie. There was abot hmm... 2..3 funny parts that don't EVEN GO WITH THE MOVIE! Even my dad fell asleep in the movie. I should'nt even tell you the stroy. It's so STUPID! DON'T BUY THIS MOVIE WHEN IT COMES OUT! IF you buy, I hope you enjoy being bored.",0
Dont waste your time,"why anybody rated this film more than one or two stars is beyond me. It is a slow, boring, generic film that put me to sleep. One of the worst movies I HAVE EVER SEEN!",0
The Matrix FoReVeR,I'm a big real big fan of the Matrix. I'm 12 year's old and i'm a female. I think this movie is better than all the matrix 1 & 2. The first movie had a sense if I was really in a computer world control by machines. The second was a little better than the first. It had an other sense of Neo being in control of the matrix until Mr. Smith showed up.The third movie is more intense with lots action. It had all tight graphics. I really like the special efects that made this movie possible. It's to bad that this last part gave away A best ending to the trilogy of the Matrix. I hope no one ever but I mean ever comes up with a movie as good as the MATRIX TrILLoGy. MATRIX FoReVeR,1
Great card good price,The card meets my expectations for providing Firewire to my PC for capturing video from my video camera.,1
Fabulous book!!!!!,"My daughter, who is 6, sometimes has a hard time keeping her attention focused on chapter books. She loved this one so much we plowed through 9 of the 12 chapters in one night and she was begging to finish it the next night. Thanks, Mr. King-Smith!!!!",1
AWESOME!!!,This book is crazy awesome! It has all the information that one would ever need about geography. Everything from basic facts to unique details about an assortment of countries is neatly compiled into an easy to use guide. Anyone remotely intersted in geography should buy this book. Also anyone that needs to know anything about geopgraphy for a class or report should buy this book. It is worth much more than it costs!,1
"Great Cable, Better & Cheaper Alternatives","I purchased three of these for my triple monitor gaming setup, and I am thrilled with the build quality. Very Solid, even stylish. Picture quality is what I would expect from a HDMI/DVI cable.A couple weeks later I purchased the same type of cable from Monoprice for use on my another triple monitor setup at my office. I found them to not only have a better build quality, and even a smaller guage wire (remember, smaller gauge = increased cable radius, thus better signal). The picture and video quality of the two cables were indistinguishable. The best part is the MP cables are a third the price (and even sold on Amazon). So for better build quality, same image quality, and cheaper price, I'd recommend the MonoPrice Premium HDMI/DVI cable over this one.",0
Disapointing,"Should have been called disappointment, BDP is no PE. KRS1's `knowledge' is really no more than Nation Of Islam rhetoric, not so cleverly put to music. KRS1 was always more `preacher' than `teacher', inviting obedience rather than introspection. Here, in `Ya Strugglin' he adds homophobia to his cannon of hates.",0
"Not brand new, when they said it was new.",The book (that was purchased) wasn't in the condition stated by the seller. I could have bought a better book with the price I paid for this book.,0
This is not a book!,"If you are a expecting a book with information this is not the product for you. However, if you are expecting a disc with many NCLEX style questions this product could be useful. I was wanting a review type book to augment my maternal-neonatal nursing class. I plan on keeping this product for future NCLEX review but it is not helpful for the typical student.",0
Skip this book and go to Knit Lit Two,"I read Knit Lit two first and loved it. The stories were funny and touching and varied. I laughed outloud at some and cried with others. So I bought the first one, Book Lit, and was very disappointed. Start with Book Lit Two, skip this one.",0
Didn't work for me.,I didn't like this product at all. It didn't work for me. It has a very thick consistency and it didn't have any slip. My hair felt dry after I washed the conditioner out. I was not happy that I bought it. I don't know if the reason is that the conditioner states that it is for damaged hair and that wasn't my condition of my hair.,0
The Endless Summer,I received the DVD in record time...my surfing son was thrilled with the movie and I with the reminder.,1
A Very Fresh Interpretation of These Concertos.,"This recording showcases these Haydn Cello Concertos in a way I have not heard before. Ms. Dillingham's playing is strong, yet nuanced and sensitive. She brings a remarkable sense of atmosphere to these beautiful pieces. The Moscow Chamber Orchestra is also excellent, as is the sound quality of the CD.",1
I thaught it was great,"I read the other reviews.I guess I'm the only person that liked Chill Factor.OR the other reviewers just didn't know what the heck they were talking about.Personally i think it's the ""OR"" myself.Also they talk about how bad the acting is?Cuba was perfect.So was Skeet.Plot.Good.The bad dude(Brynner) becomes the skape goat for the U.S. military when a test of a bio weapon(Code named Elvis) go's wrong and kills 8 people.Brynner gets sent to prison for 10 years When he gets out he seeks revenge on the doc that was in charge of the opperation and the U.S. Government as well.One thing leads to another and Cuba and Skeet get a hold of Elvis and have to get it to an army base before the bad guys get it.I think that a little bit more could have been done with the plot myself.Like the bad guys frame Cuba and Skeet for taking Elvis and they have to prove otherwise.That would rock!But thats not the direction they went in.The directing was perfect.SFX was perfect. Casting.Perfect.",1
"Stereotipical King, yet still creepy","'Secret Window' definitely had me on the edge of my seat for most of the movie. It is filled with suspense and crazy plot turns. However, I found it to be rather cliche, in the sense that it was a total stereotype of a Steven King novel, even though that is what it was based upon. Or maybe not a stereotipical King plot, but almost a cliche 'scarey movie' line, where it's just an easy escape to have the main character be, well, crazy.Despite these vices, 'Secret Window' was still a rather good thriller, and I would recommend it, most definitely. Johnny Depp shines, as usual, and I've never seen him in such a creepy role.Overall: four stars!",1
Funny Show,I bought this for my dad who is currently bored at home on disability. He used to always watch this when I was a kid so now it's keeping him entertained once again.,1
disgusting,"this is just low down dirty dog doo doo. it is a very icky poo poo album. it made me feel sad when i baught it, then listened to it. :( and it had naughty words in it and got me introuble with my mommy. your pal,",0
Ripped OFF!,"Before buying this book second hand, there should be a warning, that you will not be able to use code found on the inside of the paper cover to take the strengths finder profile online. I feel that I spent money for nothing and ripped off! I feel used! There is also no information on how to be able to go online and pay to take the profile. If you buy a second hand book, and find a way to pay to take the profile online, you will probably have spent more than if you had bought a brand new book.",0
Great cuticle remover,Decided to start doing my own manicures/pedicures versus having them done at a salon. This cuticle remover works pretty well and makes my manicures and pedicures much easier; with better results. I presoak before applying which seems to do the trick,1
PASS ON THIS TERRIBLE DVD!,I'm an avid fan of Nina Simone so I was looking forward to this DVD...But seeing her sweat profusely throughout the show & even complain that's it's way too hot makes this disappointing & disheartening. They should have never released this DVD especially with the artist looking soaked & uncomfortable which is a real travesty. Don't waste your time with this dog! Instead get her best available DVD to date Nina Simone Live At Montreux 1976.,0
Great DVD that was a long time coming,"Prior to purchasing this DVD, I heard many things about Forrest Yoga. All of it good. I bought the DVD and was initially not impressed with the poses I saw performed. Then I actually tried the workout and it was great. The poses performed on this DVD aren't anything a person with 2 or more years of experience could not perform. With that said, what makes this DVD solid, is the amount of time poses are held and the core abdominal work. For people who are used to vinyasa flow constant movement type yoga (like myself), this DVD is a nice alternative. Forrest Yoga is slower flowing yoga (compared to Ashtanga or Vinyasa Flow/Power Yoga) with more of an emphasis on holding poses for a longer period of time. I look forward to purchasing more of Ana's DVDs.",1
JUST LOOKS GOOD--THAT'S IT...,I BOUGHT THIS GARBAGE FOR MY SON DURING CHRISTMAS---AND LIKE THE OTHER MOSSIMO WATCH I HAD THAT BROKE--SAME HAPPEN...IN THE GARBAGE...AVOID MOSSIMO--YOU PAY WHAT YOU GET FOR.....DON'T WASTE YOUR GAS MONEY..,0
"Well designed, extremely easy to install",I just replaced a Moen that was only 5 years old but rusted out. The Moen was difficult to install. This faucet was very easy to install. All the parts seem much more rugged and are primarily made of brass.,1
Why the hate?,"I just bought this album yesterday and I can't stop listening to it. Ruben deserve to win on American Idol, and I think it's ludicrous to compare him to Clay Aiken. They are TWO DIFFERENT PEOPLE with TWO DIFFERENT STYLES of music. And not only that, they are friends. So to all the people that are hating, GET A LIFE!!",1
Right out of the Middle Ages,"If you are a very severe fundamentalist Orthodox Jew, you might like it. I didn't care for all the hate propaganda, stonings and whiplashing recommended for those who break minor commandments. I found it hard to believe that G-d would like it, either. The choice is, of course, yours.",0
Nightmare customer support,"I bought software and on disc. The disc didn't arrive, so I contacted the company. Short version: after three months, it hadn't arrived and I asked for a refund. They wouldn't give me a refund and, instead, offered me free downloads of several of their other products.I had numerous problems with the installation of the download version. After several emails to the company, the download version still wouldn't run. Still no refund. Still no copy in the box.I agree with the other reviews that this product has problems, especially there product support. And there response time was not very quick. I don't recommend this product.",0
why do great bands feel they have to change?,"I have to agree with the several reviews listed above that state that the first two albums were great! and this one falls FLAT. Why can't a great band stick with the tried and true. This reminds me of Gene Simmons trying his hand at acting !, he soon found out that what he was really good at and what paid the bills was playing a bass shaped like an axe and spitting fake blood. Well the NMAS first two albums had blood and guts and one hell of a good unique sound. This offering, well, not so good. If they keep this up they will take thier place with Kenny Wayne and Jonny Lang. You may not think that such a bad place to be, but dang those first two albums were good!!!. I think the high priced producers must have gotten envolved.",0
An Amazing A/V Manager!,"This receiver has awesome functionality with any brand of TV, satellite/cable, DVD, BD, etc. It can be programmed to turn on and shut off with the TV, and its THREE HDMI inputs turn it into an awesome TV input selector switch, allowing you to have hi-def sat/cable, DVD w/upconversion or BD, and a game system (or BD). This thing has it all. And the 7.1Ch sound makes for an immersive viewing experience! Buy this receiver - it is well worth the money!",1
I'm in love!!!,"I have had my Nikon D100 for many years with a wide angle and a telephoto lens. I was looking to sell it or replace it, I just didn't like it much. NOW, this lens has made me fall in love again with my camera. It is fantastic and takes beautiful pictures. I love this lens!",1
The Fearless Man,"One review of this book reads that it does not allow the reader to see and feel what is going on in the combat scenes. I accept that the reviewer felt that. I do agree that the combat scenes get down to basic details that at times become almost too detailed to understand with their stream of data. I disagree with the judgement that this book didn't allow the reader to ""see and feel"". I could see, hear, smell and feel the combat. Admittedly, I was a Marine Corps officer and trained to understand the writer's language. I was struck by the attention to and accuracy of details. If troops moved south on a particular compass heading the written heading was correct. I highly recommend this book. The characters are displayed warts and all in a story that could only have been written by someone who had been there",1
Mediocre at best,Happy Hooker is neither a book about a hooker or how to crochet. This is less than mediocre - try Vogue Knitting on the Go: Crochet Basics (Vogue Knitting On The Go).,0
"ignore this, see the original instead","My theory is that Ole Bornedal, whose 1994 Danish-language original ""Nattevagten"" was an instant classic of the serial-killer/suspense genre, was shown a large sum of $$$ to force out this turgid, soulless remake. It's almost a shot-by-shot, line-by-line retelling of the familiar 'whodunit' with a law student (the uncomfortable Ewan McGregor) being menaced by a serial killer during his nightwatch at a medical building. The character shading, smooth flow of events, and atmospheric chills have been replaced at the expense of visual finesse and inexplicable character motivation. Style over substance, much in the vein of those melarkey ""Scream"" films, and more than likely to snare in the kiddies.My two-star rating is based solely on the stylish re-creations of a few scenes, plus admirable performances from Nick Nolte and Josh Brolin, who give the dense material their all. But my advice is to avoid this version altogether and stick with the real deal.",0
Finally!!!!!!!,"This DVD allows me 20 min to get dinner ready, or do my makeup, or clean the kitchen. My daughter LOVES it. We have had to cut her down to just twice a day because she wants to watch all the time. She is 18-months old and follows the dance instruction and copies the children on the screen. She even will repeat phrases like ""touch toes"" or ""fall down"". Awesome!",1
Great resource for COM/COM+ with .Net,"I have to agree with Chung Yeung Choi's review. Look at Advanced .Net Remoting by Ingo Rammer for a good review of .Net Remoting, but for COM+/Enterprise Services, I have yet to see a better treatment! It may be because that is what my focus is these days (rather than .Net Remoting), but it really helped me get up to speed quickly on the issues/problems/advantages (he points to all of these -- excellent coverage!) of Enterprise Services.",1
ONE IN A MILLION,"Rolf Gates' book is the kind of blessing that only comes around with the regularity of Haley's Comet. By his blending of quotes, personal experience, and yoga instruction, he accomplishes something of serene wonder. His book conveys the very heart of yoga, for it reaches the reader on a level beyond words, phrases, or didactics. Using the book as a daily inspirational guide, the seeker can find and find abundantly.",1
NOT the extended version of the movie,"I pre-ordered both the ultimate editions of Harry Potter movies 3 and 4 believing they would be the extended versions like movies 1 and 2. They are NOT the extended versions. Why they give the extended version for 1 and 2, but not 3 and 4 is beyond me. Almost seems like a trick with 1 and 2 to get you to buy 3 and 4.No matter what the reason, bad show WB for treating your customers this way.I only hope I can still return them after I broke the seal wrapping.If you want the extended versions --- do NOT buy these, you will only get the original version.",0
Read This Before You Read The Book,"I thought this was a self-help book. I got into the book believing that I was going to come out with something, a self renewal, an awakening, knowing that I wasn't the only one that has gone through the things the main character is going through,... What a disappointment!... What she doesn't realize is how many unsuspecting woman are going to be fuming when they get to the end of this book. The character Nora is a connieving liar, and why the author just didn't write the book revolving around her I don't know? Why did she have to get us involved in believing that at the end of the book not only I, but anyone who reads this book would have a new outlook, to realize that you can't believe her or the book from the beginning to the end....",0
Jump N Carry does the job well,"I have a John Deere that needs to be jumped started each time it needs to be started. I sometimes jump start my tractor about 15 times in a day. I do charge the unit after the end of the day so I don't know how long it could jump between charges, but in two years, I have never had a problem. I also need to inflate my tractor tires which it does fine. Sure, a bit slow, but that is being picky. I am able to pump up my truck tires also. I have had this unit for two years and am very happy with it.If I were to make improvments, I would add longer jump cables, a better mount for the tire inflator. I would also add a light made of LED that could illuminate the area. This unit does the job you need it to do if all you want is to jump and inflate. I did buy a new different unit that has an inverter for AC, has DC plugs, inflates, jumps and has a light. the Jump N Carry is lighter and easy enough for my wife to handle with ease while my newer inverter is quite a bit heavier.",1
"Banal, hackneyed, and arrogant","It doesn't take an undergraduate degree in physics for us to predict the implications of the genetic revolution as set out in this book. For a much more cogent and beautifully written tract, I highly recommend Robert Pollack's Signs of Life: Exploring the Language and Meanings of DNA.",0
Twisted Metal 3 is a great PS1 game for all,"Twisted Metal 3 is a game I played for a very long time back in the day. It has a great soundtrack, quite a few levels, many characters, and unique enviroments. I deffinately reccomend this game to anyone who plays video games, new or seasoned.-willh09",1
Great Concept but poor heating,"After much contemplation, I bought one of these and used it one night and basically had to hug it to feel any heat. I like the fact that the setup was easy and it is a very nice looking heater but it really didn't put out enough heat to keep me warm from 2-3 feet away. After I brought this home feeling very proud of my purchase, the first thing my wife says is that it's too low for the kids...duh! I didn't even think of that.I give this item only 2 stars because it does everything except what it's supposed to do.I returned it the following day citing ""disappointment with the heat output"".",0
My Daughter Loved it!,My 8-year-old usually needs a lot of prompting to finish a book. She absolutely loved this one and read it without any urging. She can't wait for them to write more as she as read both available now.,1
HUGELY DISAPPOINTED,"I was so excited when I heard that there was a new Nickelback DVD being released in September, and shocked that no one had it in stock on the release date -- they had just played locally to a sold-out crowd and were AMAZING. I also couldn't figure out why there was NOTHING about it on their website. Guess I should have seen the writing on the wall. Why did no one have it in stock? BECAUSE IT'S HORRIBLE!I managed to steer clear of buying ""Unauthorized: This Side Up"" (released in 2002) and ""Road To Success"" (released in 2004) after reading reviews. I honestly believe that it is THE EXACT SAME FOOTAGE USED IN ALL THREE VIDEOS. I couldn't believe that on the cover it actually says, in large letters, ""An Authorized Biography"" and on the back it says ""A Unauthorized Biography (sic)""Well, in three tries they finally duped me, but it won't happen again. My advice: Don't buy ANYTHING unless it is listed on the band's website.",0
Logitech cordless mouse,This is by far my favorite mouse. I've used this model on three computers and it becomes intuitive after a while.,1
It's a mouspad,"It's a basic mousepad. It has a nice squishy feel, it stays nicely in place on my desk, its looks aren't distracting and my laser mouse works very well on it. It's a great price if you get the super saver shipping.As to the smell, I believe it smells like a mousepad, which I don't really mind. I haven't noticed a smell while sitting at my desk, though the first two days I used it I noticed a rubbery smell on my hand after using it. It washed off easily though. I think the smell goes away after a few days.My recommendation: this is the mousepad to buy unless you have a strong aversion to the smell of rubber.",1
Bought it for a class.,Satisfied because I learned through this book for my class. Would recommend for beginners and students who are taking a pre-calculus class.,1
Just oh so sad...,"This book sux donkey balls. If I wanted to read a book full of assumptions, I'd read the Bible. Check out http://maddox.xmission.com for more info. And to think that O'Reilly was born in the U.S....let alone in the 20th century.",0
"Made in china, bad quality , defecteive shoe that was not inspected","The left shoe deflates air like balloon with the sound and the feel of stepping on leaking balloon with every step. This product was not inspected, I hate buying a made in china product, half of the quality I'm used to from Clark's.There is something to be said about buying shoes from a store as I would not have bought them if I tried them on.",0
good for a debut,"This is one of the best LPs to come out of Death Row Records. Produced by Dr. Dre, it has about 13 tracks (plus 5 skits). The singles include: Gin & Juice, Murder Was The Case, & Who Am I (Whats My Name); all which are huge hits. I give this record 4/5. If you like old school gangsta rap, this is for you (especially if you liked Dr. Dre's ""The Chronic"".",1
Green Latern DVD,"Well, the product, the DVD is fine. We have not tried the online copy. The movie is very entertaining. It helps (me) a lot that I have a comic book / superhero lover watching all of these superhero movies with me because he explains a lot that sometimes gets skipped over in the movies.",1
Nice Update to Classic Christian Songs,I grew up with Maranatha music and have many of the albums (on vinyl). This CD contains updated versions of many classic songs. They are very well done and easy to listen to.,1
The horrors of copy protection!,"I was extremely pissed off when I saw that ""content protected"" logo on the CD. I traditionally rip all my CDs into iTunes to play on my iPod. I don't buy digital albums because they can be lost in the event that my computer crashes. I predict this CD will flop, because it doesn't enable rock fans to make legit copies as they desire. Copy protection is evil and vile, and the record label should be ashamed of itself.",0
Cryoderm Roll-on,I chose this item because I have used it before and it is a wonderful temporary pain reliever for sore muscles and the aroma is pleasant also. The price was right too.,1
I never got this!,"I really wanted to read this. First had issues with download, then paid for paperback. Still haven't got 3 weeks later.",0
WOW,"The first time I heard ""Silent Legacy"" I cried like a baby. Melissa Ethridge was singing what I had been living. Bless you Melissa. You are wonderful. No song I EVER heard touched me like this",1
KHAN!!!!!!!!!!!!!!!!!!!!!,"With a great cast and an enemy you just love to hate this one just keeps on ticking. Kirk and his old enemy Khan butt heads over a device that can create planets called ""Genesis"". The only part I didn't like was when Dr. McCoy got all religious about the creation of planets. I know that he is a country doctor and that this is the point, but I just don't think it adds to the character. I only write this review knowing that if you don't know this already you are not a Star Trek fan. If this is the case I urge you to reconsider this movie is wonderful strictly for its entertainment value.",1
PERFECT VIDEO!!,I have tried quite a few Pilates Video for something to fill me in at home when I cant make class. This is a great Beg/ Int. one.It is a perfect mix of Toning & Pilates. The 50 min goes by fast working EVERYTHING or you can break it up into 10 min of what you want to concentrate on. It is new too so you don't feel like your doing an 80s jazzercise. Susan is sweet too. I'd highly recommend :),1
Classic,"There's nothing bad to say about this book! Everyone should read it before they die. Great, entertaining book for anyone.",1
The American Dream,"Unlike other economic books Barbara Ehrenreich tells us the truth behind the American Dream through her book ""Nickel and Dimed: On (not) getting by in America. Taking on odd, minimum wage jobs she shows us how difficult it is for one to survive in America on a minimum waged salary. She tell us the truth that no one seems to have the guts to tell us. This book is highly recommended to those who want to inform themselves on how our economy really functions.",1
"Good price if it fits you, but that is iffy",There is a reason this mitt is relatively cheap. The shape of it is very strange. It does not fit my hands at all. I have fairly wide hands and this mitt feels very ackward. It is tight to get into and the thumb is too short. I would return it except the postage would cost me more than the mitt did. I would suggest you buy in person someplace where you can put your hands in it first.,0
Absolutely Awesome!,"""Blue Country Heart"" is absolutely outstanding! A great collection of musicians producing an awesome piece of work. In my humble opinion, Jorma's music was made for this combination of instruments. For it's great selection of songs and magic blend of strings and vocal harmonies, ""Blue Country Heart"" deserves to win a grammy, no questions asked.Jorma, thank you. ""Blue Country Heart"" is a wonderful gift and this particular fan couldn't be more grateful. Keep it coming!",1
almost a one star,"I can't give this book an one star like I'd like to only because I finished it. You see, if it was truly awful I would not have got to the end at all. The only saving grace for me was the descriptions of the exotic lands this book took me to, Algeria and the Sahara Desert especially. The descriptions were much better than the story. Heck, the more I think of it, if I wanted descriptions of settings, I could have read a tour guide and have been entertained. I have changed my mind, I will rate it one star after all.",0
Works great,"Makes this nearly 100 lbs planer feel like I am moving almost nothing. Very nice base. Easy to put together. Only negative is that the directions for changing the pivot wheel mount from an outside mount to an inside mount could have been better. Other than some minor head scratching, it took less than an hour to put it together and start making saw dust.",1
Microsoft doesn't support their own products!,"I've been burned by Microsoft twice before with Sidewinder joysticks. The first time I bought one was when I had Windows 98. It was a Sidewinder Pro. Great joystick, plug n play, all that. When I migrated to Windows 2000, I found that the Sidewinder Pro was not supported (despite being analog--you'd think it would be easy to program drivers for it). I thought, ""Okay, maybe there are problems, blah blah blah."" I then bought a Sidewinder Force Feedback Pro, again, great product, plug n play, all that. Worked great. When I migrated again to Windows XP I found AGAIN it wasn't supported by Microsoft. There is NO reason why a company such as Microsoft cannot support their own products on their own operating system. I will NEVER buy a Sidewinder again. I can't trust them. Buy anything else. I've had great luck with the Wingman Digital Extreme--$$$ at ......--excellent buy!",0
inside the third world,"i think this book is awful. please send me some information on it. i read it, but it was so confusing and had so many numbers and stuff, i didnt understand it at all. it would be so greatly appreciated if you could send me a summary of the book, that could help me in writing a 4 page report.thank you, jojo evanick",0
I STILL Have not gotten them!!,i WROTE AND EMAILED BLAH BLAH SAID THEY WHERE HERE LAST WEEK HAVE YET TO GET THIS ORDER! wth SAVE YOUR MONEY GO TO WALMART WHERE YOU PICK IT OUT WITH YOUR OWN HANDS!,0
"Canon Mini Tripod 7 is a ""STAR""!","I needed someone to hold my camera one day and I was the only someone there. Lost the shot. I searched and found this little gem. Sturdy, well constructed and small as can be. I carry it in my ""go"" bag and never notice it 'till I need it. It's there. Easy, fast and reliable. Great purchase!!! I wish everything I bought worked for me this well!",1
"Bad movie, hot girl.","The only redeeming qualities of this movie is Catherine Zeta Jones' stunning face/body and some nice scenery. The scenes of the heist in Kuala Lampur as well as the Scottish castle scenes had some incredibly picturesque backgrounds. However, the plot is convoluted to the point where the ""tense"" moments lack suspense because the viewer is too confused to figure out what is going on. The director attempts to bombard the audience with plot twists but there are too many twists and turns that don't really seem to make any sense. The age difference between Connery and Jones detracts from the believability of their romance. If you're looking for a movie about a heist, go with Pierce Brosnan and Rene Russo in the Thomas Crown Affair.",0
A Tour Album,"This was very dissapointing. I expected a reality based novel, but it turned out to be a highly expanded tour book of sorts for the USN Submariners. A forced attempt at dropping as many names as possible so that they may take their due place on stage. Obvious bait for Hollywood.Lacks depth or any serious literary skill. Feels like one long newspaper interview. Especially lacking was mention of the moral aspects of having one's finger on the trigger of a doom's day machine. Hard to believe this never occupied any of the thoughts of the men and women manning these marvels of technology and dispensers of indiscriminant destruction. So little mention was actually made of the real hero that enabled these brave men to navigate with such ease in the endless oceans of our planet: 20th Century science and engineering.",0
Amazing and 10x better in High-Def!!,"A truly amazing series!! I don't quite buy into the, 'look how fragile it is, we're going to kill it' angle but it's still amazing. To me, it shows how truly resilient our planet is and how insignificant we really are in the scheme of things. They do seem to keep the propoganda at a minimum which is also a plus!This is a high-def must-have. The shots are amazing, the quality is awesome. There are even little story lines throughout each one as they follow an animal or an animal family!",1
work as expected,These light bulbs work as expected and are just about as bright as the OEM ones that came in the car.,1
Poor Quality,"This movie is very poor quality. Dots and spots all over the screen, the picture goes out. Terrible.",0
"Solid, nice and elegant feeling glass","I'm not by any means a crystal expert, but I knew that I wanted a set of nice wine glasses that were thin, well proportioned and had a stem, but weren't as expensive as Reidel. These fit the bill. The price is great - about $11/stem, and the quality is rather decent. Perhaps not quite up to the Reidel standard (one of my stems is a tad wobbly) but you can't beat the quality for the price. I really like the shape of the Atelier style too. They have some personality. I debated between these and the Spiegelau vino vino glasses.I ordered one set of four as a tester and am going to order 4 more of the cab/merlot glasses plus 8 of the reisling glasses. And if they break, which they inevitably will because I tend to drop things, it won't be the end of the world. What more can you ask for? And the packaging was great. They arrived fast and in perfect condition.",1
no bubbles,"bought these last year. when they came, i discovered that at least one in each box had no liquid in the bubble mast. very disappointing!",0
Awful,I was told this CD was more along the lines of Enigma. It's cinema music....not Enigma.Helmut Vonlicten is a guy named Jeff.Franz Vonlicten is a guy named Rob. They are brothers and they do not permit any pictures of themselves as the Vonlichtens which in my opinion is the most stupidest thing ever - it carries over into their music their ridiculous ego trip.Buy this CD and you're feeding into their incredible higher than higher ego.,0
Melts in 80 degree weather,I like this for my spin class it helped a bit of the pain in my butt.it was ruined when i left my gym bag in the car it melted and became deformed. i will be ordering another.,1
Trivial and confused,"I read this book - hoping that it would represent some fresh ideas for the liberal mimded muslims amongst us. I could not wait to get home so that I could read it.Alas all it ended up providing was trite, cliche' ridden experience of a person who is craving attention, and hopes to propogate pseudo liberal views on a subject that she has obviously not understood, nor even spent time to study in some detail.The author uses every tool that she has at her disposal including deriding her family, her father, and making veiled references to a trumatic childhood - all in the hope of selling a few more copies.A total dissapointment - not worth your time.",0
Elmore Leonard Stories Are the BEST!,This series is addicting in good way. Top notch acting by all. Good story lines and interesting charactersVery good story lines. Excellent acting.,1
"Hi 5 ""WOW"" cd",Bought this for my grandson because he loves HI 5. But it was the Australian version. He didn't recognize the singers and the songs sounded different. What a disappointment!!,0
Pass on this,This is primarily a collection of powerpoints-gone-DVD with a lifeless narrator. I am a huge fan of WWII material and this really fell short. Save your money for documentaries made by the big guys.,0
My favorite ear was remover.,The formulation of this product is similar to others on the market but the tube dropper delivery system simplifies the application of the solution.,1
too bad,Earl grant had a nice voice. Unfortunatelyhe is sabotaged here on nearly every trackby hokey arrangements - the organ inparticular is especially cloying.It's too bad when you think ofwhat might have been.,0
Perfect if you need coal for Christmas...,"This thing is terrible. At first I thought it was me, but after reading these reviews I feel so much better. The only thing it produces in charcoal. Sometime there is edible matter in the middle, sometimes it's pure charcoal. They should give me back the cost of the unit, PLUS the cost of all of the food I have wasted, PLUS the cost of the chinese food and pizza I have had to order as a quick replacement!!!",0
Best Mike Myers comedy,"My personal favorite, this movie has lots of laughs, a great plot and the lovely Nancy Travis. What else do you need?",1
One Of The Great Films!,"Fantastic movie! A remake of Romeo and Juliet set on the streets of 1950s New York. White impoverished kids whose families are from Poland, etc. battle gangs of Puerto Ricans in the streets. A Puerto Rican girl and Polish-American boy fall in love. Uh-oh! Lots of fighting and death. The odd point is that the story contains dancing, singing and a lot of energy. That is what makes it a great movie. Really affecting and very moving. A must see, over and over again.",1
Not a very good book,"The book is a collection of explanation and examples from the help database of Domino and this does not justify anything for the money paid to it.There is very minimum amount of info on important topics like Applets etc. where it has just one chapter on the applet.It is more of a remake of Help database, with 75% of the material similar to the Help.It would have been useful to the user if there was more explanation and examples.",0
"Unauthorized use of the name ""Neon Fusion""","""Neon Fusion"" is a national progressive rock band based out of Manhattan, New York. This is NOT them! This seller is in violation for the unauthorized use of the name ""Neon Fusion"". Amazon has been contacted regarding the removal of this item from their site. Do not endorse this item!""All names, images, designs, and trademark names of Neon Fusion.com is exclusive sole property of J.L.H., Inc. Unauthorized use is strictly prohibited and subject to penalty by applicable law. All rights reserved. 2012""NeonFusion.com",0
So simple but so awesome,"I bought this toy for our new adopted kitten (10 weeks old when we got him). I didn't know if he would play with it or be scared of it, but he took to it right away, batting at the ball and chasing it around the track. It took him about a week to figure out that he could scratch on it, but once he did, he scratches on it for a while every day.The best thing that we figured out is to make a small tent out of cardboard (just fold a piece in half) and cover the ball with the tent. Our kitten goes crazy every single time we do it, he can't stand when the ball is ""hiding"" under the cardboard.I'm giving this toy 4 stars instead of 5 because it slides like crazy around our hardwood laminate floors. We put a small kitchen towel under it, and that reduces the sliding somewhat. They should really provide rubber feet or some other grippy surface to stick on the bottom for those of us who need to use it on non-carpeted surfaces.",1
granite solid power metal,I went and found this album because I love Rob Rock as a vocalist and have enjoyed everything he has sang on. Didn't know he sang on this until recently. Dude............it rocks. Awesome chunky metal riffs in your face. Great production and of course great vocals. No nu here this is modern heavy power metal. Not super fast but as solid as it gets. If you like Rob's solo stuff or his work on Impelletteri or just superb power metal hunt this down. Why is this hard to find? More talent here then any of the joker bands wearing masks. If it's not available here check out Rad Rockers. (can i say that here?),1
Gels when added to liquid,"I have been using this product for many years. This is the first time I find it is gelling (forms hard lumps, even after hard stirring by spoon). I am wondering if any one else is having the same problem. The details of the batch is :LOT# 1493924 4:10Best used by 7/20/14 2694",0
The confession,Susanna is a girl who is the only person that knows the truth and is the only person that can stop the witch maddness in Salem. Can she stop the group of girls well to find out read the book,1
Bad Design,"I purchased this to use with my Tivo. It worked fine till I messed with the cable on day, to use my laptop. Well now the cable will not stay in the adapter. It is flimsy and so you are automatically careful not to stress the connection, but it still got messed up.. Argh! I will probably go get the Netgear FA120 10/100 USB 2.0 Adapter to replace it.",0
Crazy about the Wedding Planner,"I loved this movie! Timless and classic, this movie is the best chick flick ever! I can't get enough of Lopez's style, and Matthew M. is a winner as well. The ending was no surprise, but it still made me cry. Great for a girl's night in!",1
A LOVELY BOOK!!!,"Terri Farley creativity in creating a story has put her in a class of her own.When I read the synopsis I found that this book is something special which can make the readers curious to know the ending.I have to say that this book is absolutely interesting ,full of mystery and a worth buying.",1
You get what you pay for,"Pro: CheapCon: Sounds like audio from a super cheap usb sound card.I've used usb sound devices in the past that weren't too much more expensive than this one, and they actually sounded good. I listened to 3 songs on this bad boy and pulled it out of my computer. I'll keep it around just in case my mic jack ever goes out, but most likely it will sit in my closet and collect dust until I throw it away.",0
Cheap,"This vanity is so cute and my daughter loved receiving it for Christmas but the mirror came scratched, the drawer does not open and close properly and has now eventually broken.",0
Up to my expectation,Another solid animated feature for DC Comics. I love this style of animated movie though I wish it would be longer. But the climax ending was exciting. Haven't got time to watch the 2nd disc yet but I'm sure it's great. Can't wait to see what they're trying to do with the upcoming Gotham Knight animated feature.,1
"Good Product, Great Service!",Does a great job for the price and seems to be quite accurate. Always matches the readings on the refractrometer and the fish store.,1
Great but ...,"Great product. Fits well, sturdy and great price for the quality. The only downside is and please note this ... it does NOT fit the SD500. I ended up giving this to my dad for his Canon SD200 and buying the Coach case for my SD500 instead, which by the way I give 5 stars!",1
One of the worst games I've ever played.,"In my 30+ years of playing video games, Xenogears is one of the worst video game experiences of my life.About 80% of the ""gameplay"" is slowly advancing through text. And when I say slowly, I mean s...l...o...w...l...y. There is no option to speed up or skip the text - inexcusable for a game with this much text. Since they have put all their eggs into one basket - the story - if you don't like the story, you will not like this game.Except for a few boss battles, there is next to no strategy involved. If you do decide to get this game, follow a walkthough or use a boss strategy guide, since you don't want to be forced to sit through the same 15+ minutes of dialogue leading up to the battle.With this game, you are basically buying an expensive book. Do yourself a favor: Save some money, find a video of a playthrough, and watch it instead. You will not be missing much.",0
Don't Get Burned,"Since our son was born, we've been using Coppertone Water Babies sunscreen, but didn't like that it stung if it got into his eyes. When we found this, we were thrilled. I even put it on my hands and rubbed it into my eyes to make sure it was truly ""tear free"". In that respect, it's great. However, we've used it twice on our son. The first time (last weekend), he got a little bit red, but today, after being in the sun for only two hours, he's got the worst sunburn ever. I'm devastated since I'm very careful about his sun exposure (we're both fair-skinned). In the year and a half of using Water Babies, he NEVER had a sunburn. I also used this sunscreen today and I am sporting the worst burn of my life as well...it looks as though we went without any sunblock at all. I hope someone can learn from our bad experience.",0
Mother of God!,"Worst of all time. Flanigan and Zingale just defecated on my face with this pile of waste. My life has been wasted, I feel raped and alone. Watch CNN during election time and gather everything you ever need to know about the material in this book.",0
"worst shoes EVER, DON'T BUY IT",I usually don't review products but I had to tor this one. ITS THE WORST SHOES EVER. it ripped after 2 weeks. my knee started hurting like nothing else. PLEASE DON'T WASTE YOUR MONEY. Its low low quality product.,0
I hope his other books are better.,"Friends keep after me to read something of Neal Stephenson's. So I tried-- really, I did. Give a science fiction writer a unix manual and a link to a basic webpage on cryptography and you'll get this bloated, 900 page bomb.If you are interested in cryptography, get a textbook. Most of them are more clearly written, less smarmy, and more entertaining.If you like science fiction, you can get a better story elsewhere that won't make you wade through chapters of bland, irrelevant material.This quasi-hyperrealistic approach should be left to better authors... This book has drained all desire from me to read other instances of the author's work.",0
Wish I hadn't bought it,"At first, our daughter hated cold wipes. She would cry at diaper changes. So my husband and I spent the money for this wipe warmer and thought it would be worth it if it warmed the wipes as advertised. We were very disappointed.The wipes are barely even room temperature, but worse than that, they're wet! Water drips from the warmer when you open the lid. They also smell funny. We never used wipes from the warmer. I figured a cool, fresh wipe from the plastic wipe tub was better than a cool, wet, stinky one from an overpriced wipe warmer. And after a few days, our daughter Riley got used to cool wipes and she no longer complains.My advice: save your money.",0
Tight,"Excellent novel, full of disjointed short stories, that really drive home the squalor and misery of modern, suburban life. It's a very blatant book, full of entertaining situations and disgusting parts that will make ye retch (some involve bodily secretions, let's leave it at that), but also, there's subtlety at work behind all that; Welsh does not make his work sensational and doesn't overstate what he's saying, which is a blinkin' good quality, in mine opinion. Read this. It's a tad better than the excellence of its film.",1
Dont waste your money,The first time we brought this to the pool the plastic piece that keeps the front wheel on snapped off. The back wheels are too thin especially for the beach and sand. Not worth it!,0
Unique and practical guide,"Most wedding guides assume you want hundreds of guests and everything has to be OTT-with-frills-on! This author shows you that it is ok to go OTT if that's your style, but also that it's ok NOT to. Priceless advice, really down-to-earth attitude to weddings. There's one wedding experience described that cost less than $2000 and one that cost nearly ten times that - with many others inbetween! This is not only a guide for the budget-conscious, but a great overall how-to for anyone planning an intimate wedding. Many tips on how to save money, but the focus is on planning a special day - YOUR WAY. Ignore the multi-billion dollar wedding industry's pushy advice - this author is really symphathetic to the stress of the whole thing, and she will give you advice that makes it a joy to organise and experience. Haven't had my wedding yet, but am looking forward to it, as I relax and relish the simplicity of the whole plan. Enjoy planning your day!",1
IT'S A HIT!,"I PURCHASED THIS TO MAKE SNOWCONES FOR MY KIDS AND GRANDKIDS. I REALLY LOVE IT! THE SNOW COMPARTMENT IS LARGE ENOUGH TO HOLD SEVERL SERVINGS OF PERFECTLY SHAVED ICE, AND CLEAN UP IS A SNAP. SO FAR IT SEEMS TO BE A QUALITY PRODUCT AND PERHAPS THE MORE I USE IT THE SHARPER THE BLADES GET. I USUALLY FREEZE A GALLON ICE CREAM BUCKET AND CHOP IT DOWN FOR ICE, SINCE I DON'T HAVE AN ICE MAKER IN MY FRIDGE. I EVEN MADE SOME FLAVORED ICE TO SHAVE, AND CLEAN-UP WAS NO MORE OF A TASK THAN WHEN I USED JUST ICE. I HIGHLY RECCOMMEND THIS PRODUCT FOR ANYONE WHO LOVES SNOWCONES OR SLUSHIES.",1
"8 of 10 are not the originals, save your money!","Another really cheap rip-off, and frankly, a waste of everybody's time. Even the two original tracks are poorly edited. The [small print] disclaimer says ""This album may contain re-recorded tracks by the original artist. Tracks featuring groups may not include the original members."" Well, if any or all of that is the case, then why even bother making this joke? Not even worth $3. Put that money toward the originals. Deserves zero stars.",0
I really enjoyed it...,"Co-op offline, vs offline, online play, single player mode offline --- all these features come in a lot of games, however the graphics, the realism & the nearly-unlimited opponents do not.Overall, I liked this game, the co-op should of let you view third-person, but other than that, I felt the modes were awesome.Customize your character...Battle 50+ people at one time with a friend helping...It's a great game.",1
The Above Reviews are Phoney,"It's some writer working under a pseudonym, getting writer-friends to write these horrible, long-winded reviews.",0
"Oh, Dean....","i never thought i'd write a bad review of a dean koontz book, but this one really disappointed me. i can hardly put my finger on what i didn't like...maybe it's because it was too short to develop the characters. or maybe that the story was just silly. anyway, i like every other book i've ever read by him, so i guess not liking only one is a pretty good average!",0
2nd best album,"This album may not be as good as ""Core"", but it easily comes in 2nd. Down and Sour girl are classics. Every song on this cd is good. A must have for all S.T.P. fans!",1
not good quality,"I have an Oxo Good Grips Soap Squirting Dish Sponge. The sponge does not stay on; I have it fixed with a rubber band. I had a previous Oxo dishwashing sponge that filled from the end and did not squirt soap. The sponge did not stay on. The last Oxo dishwashing item I bought, in the hope that they finally had a quality product was an Oxo dishwashing brush. The soap doesn't squirt out properly. So, as far as I am concerned 3 times and, Oxo,you're out. I won't buy another of your products. Designs seem good; something is wrong with their execution. Martha B. Ashton-Sikora",0
"The low, low point in a slow, steady decline","Sex, eroticism, passion . . . with a corpse.Despite Anita Blake's ealier revulsion with ""sex with a corpse"" she nevertheless spends about 30 pages engaged in such with Jean-Claude.Honestly, this book has none of the charm and the supernatural thrills of the first books, but rather reflects a climax of Laurell K. Hamilton's slow and steady descent into eroticism from day one.Don't expect to see new supernatural creatures like the Naga, Bloody Bones, or even Voodoo witches in this one, kids. In fact, it's one really long tale of Anita Blake's trials and tribulations deciding between Jean-Claude and Richard.Honestly, I loved these books, and this was the one that made me stop reading the series.",0
"Great album, better than Los Lonelyboys.",Great album - missed hearing it over the years.For any of the new generation that likes the Los Lonely Boys you will most like this album.,1
Unrealistic!,"Erm, I hated this book. I myself am a self-injurer and I thought this book just awful. The ending was very dissapointing, and unrealistic. I wouldn't have even given it one star but I had to give it something. My opinion- don't waste your time.",0
No closed captioning,"I give this DVD a ZERO. Docurama didn't care enough to caption this DVD for hearing-impaired people.With the DVD being totally useless to us and all, I shouldn't care about saying anything nice about this DVD.Shame on you Docurama for NEVER captioning your DVDs all these years. :(",0
very enjoyable,"This is the saga of two intertwined Jewish families living in England between the 1930's and 1950's. Although I had a little trouble keeping track of the characters (be sure your copy has the family tree in the front--you'll need it), I found this book to be a great read. The author is careful to present both side of all of the character's stories, so no one is portrayed as all good or all bad. I plan to read more by this author.",1
B-O-R-I-N-G,"Oh my gosh, I have no idea whats the big deal with this movie. I was bored to death on the whole movie. The fights looks so fake and the acting is even worst. The special effects are v good but thats all I found interesting. The big finale lacked passion in my opinion and wasnt that clear either. I guess Im gonna get yelled here for saying all this but trust me, Ive seen lots & lots of movies & Ive seen movies with way lower budget much better than this. Thanks Gosh its over.",0
Great Linux Start Up book buy it!,"This book is great it will get anyone that does not know a single thing about linux up and running in no time! It even comes with the popular RedHat Linux 5.0 distribution all the tools you will need are also included on the CD. Great book, go out and buy it.",1
"A stunning, lyrical tale","Though it has flaws, heaven knows, this tale of trampled innocence is moving, at times beautifully written, and deeply satisfying. If the title character's quasi-religious epiphany at the end doesn't reach quite the heights of profundity the author clearly intended, it nevertheless evokes a powerful sense of empathy and pity from the reader. The antagonist's final actions before abruptly departing from the pages of the novel are mysterious indeed (a less polite reader might attribute this to the writer's clumsiness), but in some ways fit perfectly into the novel's existential scheme. An awfully good read.",1
A Thrilling Conclusion to the Series!,"Angel Fire East is a thrilling conclusion to the Running With the Demon series. Living near the real-life Hopewell IL. (Sterling), I could visualize all of the streets, parks, and landmarks described throughout. I felt the action in this book was comparable to the first book and MUCH better than the second book. Although predictable at some points, the ending is truly unexpected. We real life Hopewell residents can only hope that there will be a fourth book down the road. The entire series is a must read for all Brooks followers.",1
Very light comedy,"This is what might be called a ""light romance"" and not a screwball comedy at all. It's about a family of con artists that goes straight after encountering a generous old lady. The casting is poor. (It was nearly Gaynor's last film, for obvious reasons. Richard Carlson is wasted entirely, and Fairbanks is wholly unconvincing.) There are no laughs. Some of the sets are incredibly phony. And in the end the director had to rely on a parade of pups to generate good feelings. In short, this is a time waster, alarmingly out of step with the great comedies being made at the time. It's hard to believe that Selznik could be so clueless.",0
Great to add for a gift,"Nice way to add what is inside the jar, also I like that it goes on the lid instead of the jar.",1
math text,"good for professionals. not so appropriate for an introductory course to building trades, in my opinion.",1
"Father Donald Cozzens in Commonweal (March 23, 2003)","In times of crisis, effective leaders understand the urgent need for honesty and candor, for the kind of truth telling that allows for healthy, creative responses....It is one of the graces of crises that truth telling unfetters the imagination and offers hope and direction...In the present church crisis, Paul Dinter emerges as a significant truth teller...Dinter has succeeded in writing a brave memoir and a penetrating critique of the current structures of the institutional church.",1
DVD already,Put the show on DVD already!!! They haven't even syndicated it...is someone holding the originals ransom or something?,1
As described by other reviewers,"Product is cheaply made as described by others, but equivalent to the price. The logo on the hat is just a sticker which was stuck to the packaging and came off upon opening. As the options for Thomas are fairly limited, this is not a terrible costume and should last a few wears. Hangs down to just above the shoes of our 2yo so it would probably fit up to a 4yo.",0
Missing a few essentials IMHO,"Temp review for the quick read I did as I just sold the book:Well written for the most part, easy to follow.Negatives:Federal Reserve Act relegated to one sentence. The nefarious legislation of 1913 affected this country in so many ways, it deserves at least a page.The CFR (Council on Foreign Relations is not even mentioned) Inasmuch as the majority of our 'leaders' in this government are members of this secretive society I assert it also deserves at least, one page.Why do authors continue to relegate footnotes to some distant part of the book, thereby aggravating readers to no end ?Holy Alliance ? This term is used without defining what he means.Possibly in the next edtion the author might add a bit of discussion about how corporations, foundations, associations and the shadow govt play a part in our 'foreign policy'.all for now",0
Common Sense Book,I have read about half of the book and i dont even want to read the other half its just not interesting at all. The writer talks about basic information nothing special.,0
You could do so much better.,"""Take Her To The Zoo"" is a seven song EP from Albany newcomers the VodkaSonics. The experience of former Subduing Mara bassist Brendan Slater and former Bloom drummer JJ ""Hollywood"" Hogan can't make up for the obvious inexperience of singer/guitarist/songwriter Seth Powell. These sound like they were probably the first seven songs he ever wrote, and the hooky basslines only attempt to disguise the near-total lack of personality in the rest of the music. I guess we can only hope that Powell goes out and listens to some Elvis Costello and the Attractions records (as Slater clearly has) before he writes his next record. There is a bright spot or two (hence the extra star). ""Knock Me Down"" is actually a bright , hooky pop tune that will more than likely stick with yoy, but from there on, you'll notice the similarities in each and every song. Sorry, guys, but you could do so much better.",0
Pretty good selection,"This is good if you're looking for something different. Lots of songs from the same thing (Oliver, Beatles, Elvis), but also a smattering of other ones. Even though there are a lot of the same faces, there are still a lot. It's going to take you a while to work your way through them anyway, and for the amount of songs there, it is a good deal. Good songs, too, just in case you're worried (i.e. no Mexican Hat Dance).",1
there are better latin videos,"This video was ok. The set and the instructor are likeable but the instructions were horrendous - you had no idea where she was going until she was already into the next move. I agree with another viewer - Kathy Smith's Latin workout is MUCH better than this - better instruction, more authentic Latin music & moves as well. But for 10 bucks, it's not bad if you just want another tape to keep you from getting bored.",0
Reinventing the Bazaar: Two Thumbs Up!,"Reinventing the Bazaar used real-life examples to make markets understandable to any reader. From pharmaceutical companies to the Tokyo fish market, McMillan brings markets alive right in front of the readers' eyes. He attempts to demystify the mystery behind markets, and in my opinion, he succeeds. Each chapter presents a new market setting which McMillan uses to illustrate his various points. While the book has an economic undertone, the level of writing is not above the understanding of even a high school student. All terminology is explained not only with words, but with examples, as well. The book was enjoyable, especially if you have little familiarity with various market settings. However, I would encourage anyone to read this book because even the experts on markets will have their knowledge enriched by this book.",1
This movie is so tired.,"Let me say this straight out... the movie is fictional. For me to try and understand, truly understand, how corrupt business and politicians have hijacked our foreign policy by watching this movie, would be like trying to understand the dogma of the Catholic church by watching another work of fiction, ""The Da Vinci Code"".Are we Americans so stupid in our understanding of international history, and the currents and eddies behind world events, they must be explained to us through fiction? If so, we deserve our current predicament, which should only worsen our ignorance.I challenge filmmakers to educate us with accurate portrayals of history. OK, so these movies may not have headliner opening weekends. But truth will educate throughout the years, and a movie true to history will continue to teach even when it sits on the DVD",0
Pretty darned cool,"This isn't my favorite Date book by any means, but it does go into the finer details or Codd's work and it does so at a level that really does Codd's work justice.If you aren't really into Codd's work, and you are trying to find an intro to DB Theory, this definitely isn't for you. However, if you are looking for a great theoretical analysis of one of the greatest mind's in Computer Science, this is a great book.",1
Looks good,"Honestly, I didn't notice much difference when putting it on my microphone. I guess it might help somehow. But it fits very well with my Audio-Technica ATR2100-USB microphone and looks super cute.",1
Filler for free shipping!,"While I added this item to my cart primarily to take me into free shipping awesomeness I did appreciate that this item isn't complete junk. It's actually useful for hanging stuff on your walls. Of course they leave little pinholes where you pinned something up but it's small enough not to matter. Price is good, items works as described. NO com",1
Great popcorn popper,"It is simple to use , and it's trivial to measure the right amount of popcorn to be popped. I've had one for 6 years and it's still working great. This new one is for my other home...",1
not what expected,"I was looking for a yoga routine for my husband and myself to do together, like one that you would do if you were to take a class, so we got this dvd, but there was too much talking in the begining and soft porn type of sections where the people are doing their yoga without clothing. It just was not the type of yoga routine that we were looking for, we really were hoping for a boding routine that went smothing from one postion to the next not one that talked and they just showed the position without explaining how to get into that position. Could work for some but jsut not our style",0
"Strong, but not Perfect","Pantera's second non-hair metal album, and not aaa bad one. Phil's vox on this album have become a might too monochromatic and aggro, when compared to Cowboys from Hell, though. The songwriting is similarly more catered to the aggro crowd than on Cowboys. Don't get me wrong, Pantera's thrash sesibilities are stronger than the nineties mallcore leanings by far, but the riffs are just a might too simple and chunky. Dimebag's leads are quite impressive, the man had a gift for pinch harmonics. Overall, a good but not great release.",1
really good,i think this book is very good. its a bit hard to understand it you havent read the first 4 books. thats the only setback of it,1
Perfect tool,"Cleared up my drain within seconds. Highly recommended! It says not to reuse, but I found that if you use a paper towel to shield your hand from the sharp edges you can clean it off easily.",1
OK for desk top phone - won't work as wall phone,Just wanted a simple corded phone to use on the wall in the basement. Receiver will not stay in place when using as a wall phone so it is useless as a wall phone. For the low price it is not worth the shipping costs to return. No issues with Amazon but it should not be advertised as a wall phone.,0
"Was excited, but not anymore...","I was really impressed when this set arrived; it is very attractive & they were perfectly sharp right out of the box. I couldn't believe what I paid for them, but then I quickly learned that you get what you pay for. One time through the dishwasher (box states: DISHWASHER SAFE) and there are already rust-spots... Needless to say I'm not impressed with this product.1 star for appearance.",0
different but fun,"By my count there are about 6 or 7 Harvest Moon games out there for various systems, so Natsume must be doing something right. In fact, they recently released number 3 for the Gameboy Color.On Save the Homeland, the graphics are much improved (obviously) from any other version on the market. I have been playing it now for just a couple days, and I am already hooked. From what I read, the game focuses more on interaction with the townspeople than it does making money. I don't really agree with this; making money seems to be the primary goal. Plus, the people that I keep running into on an (hourly) basis don't have a whole lot to say or do. They are just sort of roaming around, and tell you some little cheesy statement about life.I do have one question; where in the...is the dog food?",1
The funniest game you'll ever play,"This game is endlessly amusing and super easy for almost everyone to play. All the details are super delightful, from aquiring 'young 'ens' to getting a 'rig' and getting married (and divorced and remarried) the options are endless, you'll never have the same journey twice. The game even offers suggestions on different ways to play and an expansion pack which offers even more options. By far the best game I've purchased, I reccomend it to anyone who wants a laughter filled, light hearted evening.",1
Horrible!,"This CD is a disgrace to loyalty!I like the beats Eminem made, but they didnt fit the vocals. He either slowed down or sped up Tupac's voice to match whatever beats he wanted to use.Ghetto Gospel is one of the worst songs on the whole album. The voice is so slowed down and more than 70% of it is missing from the original, whats up with that?Not to mention in the song Loyal To The Game. He takes out the 2 original people and adds G-Unit? What the ****? All that song sounds like is mis-matching verses that have nothing in common.Don't buy it, it isnt worth it. If you REALLY want it, download it, but don't give Tupac's mother any money. I can't believe she allowed this to happen. This is the worst CD ever put out in Tupac's name.",0
Neglected masterpiece,"Back when bands were somehow able to make live recordings full of surprises, excitement, and occasional group improvisation, this one is a diamond in the rough. I've owned the vinyl for well nigh 25 years now, and the utterly unadorned sounds of the guitar, the bass, the drums, plus the howling voice of Paul Rodgers - why, it's primal blues rock at its sparest ... and most devastating. Andy Fraser's bass lines are lithe and kinetic. Paul Kossoff wrenches notes from the neck of his Les Paul in a style that still sets him apart from all who have followed. He left us far too soon. Only complaint is the haphazard rendition of ""All Right Now"" - (they were probably sick of it by then).",1
author is capable of much better than this,"I have read a number of Linda Howard books and waited impatiently for the publication of this one. What a disappointment! The characters and plot were very underdeveloped and the book, in general, was boring. Linda Howard is an excellent author and is capable of much better works than this book. Linda, please write us a worthy successor to ""Son of the Morning"" and ""Dream Man""!!",0
Good idea - poor design,"While the iGo Juice is a great idea and potentially useful for travellers, after 4 uses the end that connects to the PC adapter snapped right off. The design of the tip is far too flimsy especially for travel. (Two of the four uses were at home, two on the road)Calling technical support didn't help either - no return call after two attempts.Good idea - poor design, not great customer service. If Mobility improve their design, I'd certainly consider trying again. But until then - back to one plug per gadget!",0
"great writing, scenery and acting!","I love it; makes american mystery shows seem silly and boring! Nine more words? Great, great and still great! What fun!",1
"Pompous, Pretentious, ----","These are all pseudo-intellectual, academic wannabe articles that are completely full of s*** and have no value. You can flip through and read any one sentence and come to the same conclusion. Completely useless, except to other 'academics' who like to BS in order to pretend that they have some use to the world.",0
Great machine that lasts and it's made in the USA!,"We just purchased our third machine, not because they broke, we just needed another one. The first one I bought was about 8 years ago and it's still going strong. The great thing about this machine, besides being made in the USA, is its range of volume from barely over a whisper to loud enough not to here what is going on in the next room.",1
Comic Book the Movie,This is a real treat for anyone who loves Comics. The special features alone were worth the movie price. Mark Hamill really gave a heart felt love letter to the Comic Fans. I really enjoyed picking out the voice over talents of some of my favorite cartoon stars as well. Mark truley hired a great grup of men and women who are all talents we dont get to see infront of a camera and gave them a plat form to do their stuff. His integration of the fictional comic book charater in to a real life comic book convention was fantastic. And of course it is always great to see Kevin Smith and Stan Lee.I believe everyone who loves comics as I do will get the inside jokes and the love of the industry and if you werent a comic fan before you just might be after you watch.Great job Mark!!!!,0
Great Price! Great Book!,The price was great and the book arrived in good shape on time. I now have both the hard and paperback copies of this collection. One of the best historical text around.,1
An absoute must for the experimter,"This is an absolute classic. Used as a college text, it is still very relevant to the backyard scientist.",1
My 18 month old's favorite video!,"My son has been watching this video for several months & it is still his favorite video! Everyday, he gives me the dvd to put on & watches it over & over & over. It's great for infants & toddlers because it's all music & the characters are cute little babies. My son loves music & loves to dance so it keeps him glued to the tv. He can't get enough of it! It tells several short musical ""stories"" about Baby Elmo, Cookie Monster, Big Bird & Prairie Dawn. In each story, it shows real babies & their mommies dancing too. This is a great video & a nice change from the traditional Sesame Street videos.",1
"Makes me want to run through fields barefoot on a warm, summer day!","Some bands try to write songs that give the listener beautiful imagery that transports them into a different world or to a different age. Some succeed whereas some sacrifice melody to do so. Sam Beam, however, succeeds more than any recent artist that I can remember. There's a special feeling you get when you listen to it - it takes me back to a kid in simpler times during summer vacations where we would play outside for hours and be content laying on the grass and staring at the clouds. With his hushed vocals and sparse instrumentation, Iron and Wine sets the standard for bands to follow. Highlights include: On Your Wings, Naked As We Came, Sunset Soon Forgotten, Radio War, and Passing Afternoon. His voice sounds one part Elliott Smith, one part Sufjan Stevens, and one part Beck (in Sea Change). The best thing about this album is that it has a timeless feel to it, because it will always transport you to a different world.",1
Don't miss this one!,"A must have album! Nothing in the world can bring tears to my eyes like the voice of the young Mary Travers as in 500 miles and There is a Ship. I was hoping that when the album was re-mixed that they would lower the volume of the applause after each song, but alas, they didn't. Even with the loud applause, the album is a hit and should be a part of everybodys collection.",1
The Great Grimmerie,This book has all a Wicked fan could ask for. From cast members to pictures and from songs to scrpit and much more I saw the show and bought the Grimmerie. I got it for $40 but it was worth it this book has everything and the pictures and cover are nice. They have the words to all the songs they have the story of wicked from brainstroming to broadway and they have the scrpit. They also have all the cast members talking about their charecter. And I lot more speicle stuff that you will have to see when you buy the book. So if you love like or just think Wicked is o.k. you have to get this book.,1
Can't work with Multiple Devices at the SAME TIME,"I got this and two Sony Bluetooth headphones for my parents as Christmas gifts. They watch many British TV shows and have difficulty understanding the dialog sometimes due to the accents. We thought two wireless headphones would be great. After extensive online research and reading all these raving reviews, we decided on this one. Unfortunately, no matter how hard we tried, we could not get both headphones working at the same time. My wife then read the whole instruction book. On page 20, in tiny fine print, it says ""This unit cannot be connected to multiple devices at the same time."" This is ridiculous! It renders the device utterly useless for our purpose, but the fact that it can only be paired with one headset at a time is hidden deep in the instruction manual. No warning given! We have wasted our money and are very, very, very disappointed.",0
"Pure, unadultered emotion.","In the book ""Furacao Elis"" the author writes about the difficulty between Tom and Elis in recording this album, as both ideas of what the album should be, differed radically. Through the anger and joy in finding a collective idea as to what direction the album should be moving in, one can hear the range of emotions in each of the artist's voices. Elis Regina and Tom Jobim's ""Aguas De Marco"" is with all sincerity the most truly emotional and unpretentiously sophisticated song I have ever heard in my life, and for this it continues to be, in my opinion, the greatest work not only of Jobim, but of any of his contemporaries.--Taylor",1
Ghost Soldiers,"Can't wait for a movie. It was great. couldn't put the book down. It also brought to light how the men felt about Gen. McArther, somthing I did not know, and how the men were on both sides. It kept you with the rangers but yet did not take you away from the POW's.",1
Unlikely,I have received 2 copies of this movie and neither one of them plays. I love the movie itself so I'm very disappointed it doesn't work!,0
Atomic Clock,"You charged me shipping charges and the e-mail said that if I bought an item over a certan amount that I would not be charged shipping.The big thing is, the clock has a outside tempature monotor and the 1st time it rained it quit working. I have tried everything to get it working ie, replaced bateries, etc. It still a no go.Chuck LewisLa Crosse Technology WS-8117U-IT-AL Atomic Clock with Remote Temperature (Purchased on 07/09/2009)by La Crosse Technology",0
Surprised...,"Be sure to read the find print. I was planning on using this book as a tool to help me identify and treat skin conditions in clinical practice. There are no pictures in this book, which for skin conditions you would think wouldbe a necessity. If you don't need to visually see the skin condition then you may be able to use this book, but as for me it sits unused on the shelf.",0
Nice Explanations,This book is a great book for people inturested in Personality Phsychology. It gives clear explanations and if it's still unclear it will give an example or two.,1
Misinterpretation of Satie's music,"The poetry, subtle energy and elasticity of Satie's music is entirely lost in De Leeuw's interpretations. The pieces are drawn out to an extent where each note becomes a fragment that does not add up to a whole. The music of Satie thus becomes as unengaging as elevator music.Eric Satie was a restless and discontented innovator who barely had finished with one musical style until he moved on to the next. This tireless energy can be found in other recordings of Satie's music - most notably by Anne Queffelec - where even the most famous of Satie's composition, the slow Gymnopedies 1-3, reflect Satie's dynamic persona.In order to profoundly understand music and see it from the inside, it is necessary for the interpretor to understand its composer. This is not the case with De Leeuw.",0
Not a good ending...,"I enjoyed much of the book. It was a great experience to read how people experience religion, ritual. Creation of miths and mysticism's neurological definitions were great. Relations of brain higher, sophisticated regions within themselves and to lower, primitive regions were defined clearly. But the last 2 chapters assumed the existence of God and that's a big shadow on the book. Science does not deal with God. So writers clearly put their personal, subjective experiences in life to a ""scientific"" book. Great beginning, poor ending.",0
This book is small,I was expecting a full size hard cover and got a mini me hard cover book. Paid a hard cover price. Should have went to Barnes and Noble. Will next time.,0
Not what I expect from Justin,"I have worn Justin Brand boots for 20+ years and I really thought these were fake when I first put them on. These are stiff, rubber soled, with a very thin insole. My 10 year old Justin boots were comfortable the first time I put them on so I bought 2 pair. My previous Justin boots were the best most comfortable shoes I ever wore so I am very surprised by these.I pay about this much to have a new sole put on my old Justin boots so it seemed like a bargain until I tried them on. My cobbler says he can't replace the soles because they are rubber. He can only replace leather soles. I deleted every clothing item I was considering to buy from my Amazon wish list. I was just so disappointed.",0
"Roses are reds, violets are blue, this movie is recommended for you!","A warm and rather lighthearted movie that is pleasing to most tastes and obviously uplifting to the vast majority of reviewers here at Amazon. Not a whole lot of character development throughout the movie, but the characters are rather endearing nonetheless. Some will be skeptical as to the plausibility of such a prison set up, but it was refreshing to see an approach to incarceration that offers some real rehabilitation and redemption.",1
Brought Me Out of the Closet,"I used to be ashamed of being gay, in many ways, I still am. But this book helped me embrace my inner 'mo. The other day, I was brave enough to discuss a homoerotic fantasy in public! Namely the one [...] In other words...I'm Positively Gay!",1
Disappointed after reading great reviews,"This movie got great reviews so I looked forward to watching it. I'm an Aussie living overseas so like to watch as many Aussie movies as I can, and almost always enjoy them. This was the exception. There were just too many parts of the movie where the story line didn't make a lot of sense. Then there was all the 70's ""artsy"" stuff which was a turn off. I will keep it in my collection but probably won't watch it again.",0
God Sent,I was so glad to have been able to have found this product on your site. It is the best cleanser that I have been able to fine to take care of my skin.,1
DOES NOT FIT,"Is not even compatible with my 2004 Toyota solara, pins aren't even close to matching. Size not even close either, waste of time and money.",0
"Good book, but not quite what I hoped for...","I am a small group leader, and needed both a historical and theological perspective regarding Satan. Pastor Lutzer provides some limited historical material, but his main focus is the theological aspects concerning Satan and his relationship to our all-powerful God. Despite the limited historic information, it is still quite a good book about Satan, and I highly recommend it. I really appreciate Pastor Lutzer's religious books!",1
another G raided album,raided came through once again. i dont think this cd has many songs that arent tight. buy it if you like raided.,1
BUYER BEWARE!!!,"This company does not live up to their promises when supporting their products. Once they sell you a product, you are essentially on your own if if breaks or does not work as advertised. I do not recommend purchasing ANY of their products. They will leave you high and dry!!!",0
hmmm...,"This is not one of Madness's better albums. They were just starting to chart the waters between ska and pop, and it was kind of rough sailing. The singles are okay, but the album as a whole is pretty much forgettable.",0
little value,I bought this for my son when he turned 2 as he is a runner. He thought it was cute but there was no way we keep him from removing it from his clothes as it just clips on. We tried butting it in a pocket of his clothes but could not get it to work. We were better served by the backpack monkey harness. I couls have sold 20 of those in the airport during out trip.,0
Mob story,"I was looking for a good mystery. This story is primarily about a young chef's experience with the mob. The environment is more New Jersey ""Goodfellas"" than a kitchen. Mob pressure , crime and threats were not what I hoped to find in the story.",0
Cute Book!,This book is really adorable. My son loves to feel the textured web as it gets closer and closer to being finished with each page. He also likes to look for the fly on each page. I'd recommend it to anyone!,1
Not a good ROMANCE,"Linda Howard is usually one of the best romance writers out there; I must say that I was rather disappointed with her latest book. While it does portray a woman of extraordinary strength with courage etc., it also fails to make convincing the emotions between hero and heroine. They don't meet(in the flesh, so to speak) for way too long. Ms Howard's focus was definitely on Grace, not the relationship between the lovers, and I personally found that when they did meet, their love tended to be purely sexual. While I enjoy hot love scenes, it's certainly not to the exclusion of any of the finer feelings...I found this to be more a book about a woman discovering herself anew rather than a couple building towards a life together. I hope Ms Howard returns to her usual highly emotionally charged love scenes and close intimate relationship focus for her forthcoming work",0
Fantastic Book,"I have already used many of the tutorials in this book. They are clear and to the point also including variations so you can achieve different looks. My Jade and ivory beads turned out great, can't wait to do more.",1
At the top of his form!,"GS and BJ were a awsome duo.You don't have to agree with the politics in order to enjoy it. He is an powerful musical poet who recorded a string of jamming albums that moved your soul as well as your feet. GS is a balladeer of moving emotions just listen to ""Winter in America"". One only hopes that he can shake his demons and return to form! Buy It!",1
Not What It Used To Be,"My last Hot Tools flat iron lasted for 15 YEARS of professional use. So, when it finally died recently I didn't hesitate to buy another. But, like everything else they don't make them like they used to. On about the tenth use, I turned it on to heat up and it made a popping sound, started to smoke and the handle melted. I had owned it for 35 days, (five days past Amazon's return policy) so I can't return it. I'm stuck sending it back to the manufacturer and paying shipping both ways. Boo!",0
Missing pieces,"This was my second time buying this police costume for my son. The first time I returned it because it didn't include everything it says it's suppose to; it was missing the cap, plastic baton, handcuffs, radio, badge, and get real gear. Basically all it included was the police jumpsuit and belt. I had hoped it was a mistake and purchased it a second time but I received the same thing. my son was extremely disappointed, I would not recommend buying this product.Jr. Police Officer Kids Costume",0
Great Story well written and told,You'll get the most out of this story if you play golf. If you've watched golf then you'll get something out of it. This story revolves around a game between the two best players in the 30's and a local hero. Golf is a metaphor for life and the story is told brilliantly. Highly recommend.,1
Ho Hum,It was developed in 1300 AD. They shared ancient world paganism. Man was a creation of god. They lived in towns. The knights adhered to chivalry and priests & monks lives were based on religion. The church was concerned with this life as well as the next. Leonardo da Vinci personified the renaissance spirit.,0
An expensive mistake,"All the functions work well except the alarm is very soft.After wearing it on my belt loop for one week, the carabiner clip came off the watch allowing it to fall to the ground. The watch was not hurt but it is of no further use since it cannot be used on the belt loop as intended.",0
Very Compelling.,"This book really pulls you in. As both the authors write independent sections, the book has a ""journal"" quality. I tore through it in a day, and I must say, it has really made me think seriously about my faith (Catholicism), and how much I take it for granted.",1
Better than the Original,"Mario & Luigi: Partners in Time is even better than it's predeccessor, Mario & Luigi: Superstar Saga. This game has and even better battle system, the boss battles are longer and more challenging. Before this game, I was getting sick of boss battles that could be beaten in less than 2 minutes. This game makes the boss battles harder too. It's also a long adventure that will take you around 25 hours to complete, and it's worth replaying. Overall, this is one of the top 3 Nintendo DS games. I rate this game 94.5/100.",1
Wrong Breadbox,"The item that I received and paid for was not ""Brabantia"" brand. It was Home Basics that I could get a most houseware stores for $15. It was not packaged just came in its origianl box. The items was bent in several places, therefore I just sent it right back.",0
Only For Beginers,"In my opinion, this book is not worth buying, unless you are truly a beginner. And even then, you will quickly outgrow this book. It contains practices that you can quickly pick up at the stable where your lessons are. To learn them from others at your stable will more likely help you, because it will be in more detail and you will watch someone do it.",0
Bra,Very poor support and material is not of a good quality. Would not recommend as one that can help posture.,0
Few comic books can claim to be Literature,"This is an excellent book, I encourage you to buy it today!Most comic books are shallow, ridiculous stories with flat, uninteresting characters. The issues are painted in black and white and one side is explicitly presented as the side of absolute Good. The Watchmen is different. The story is multifaceted and the characters are much more complicated than they first appear (In fact, I also recommend that you read the book at least twice!). There is no faction in the Watchmen that can claim a monopoly on ""Truth, Justice, and the American Way,"" and no assumption that this is desirable or even possible. Without qualification, this is the best book I have read for pleasure in a very long time.",1
Product not as advertised!,"The actual TV event on Lifetime with these women was incredible! I was hoping this CD was the audio of the show and those performances. Instead, it is merely a compilation of songs from each of these artists' own CDs. In most cases, I have the songs already. I was very disappointed. The a capella version of Ooh Child with Cyndi Lauper and Destiny's Child was unforgettable. And when else are you ever going to see Amy Grant and Melissa Etheridge sing together?! And my favorite was when all the women who played guitar sat around a jammed 5 or 6 songs together...priceless!! I wish someone would put out a DVD of the actual show so we could all enjoy the audio and video from that remarkable evening!!",0
Nice features but No range,This phone has about a 20 foot range before it starts cutting out. It has great features but you can't really move all about your home.,0
I love this book!,"I really have enjoyed this book. I have made so many baby sweaters from it for gifts and charity auctions. The instructions are very easy to follow and it has a variety of sizes, from 0-3 months - 12-24 months.",1
Fabulous Diapers,"For the first six months of our son's life, we used Pampers. We found them to be better than Huggies. Then we were introduced to Seventh Generation diapers. Not only are they environmentally friendly, but they are a perfect fit for our son. He is taller than most babies, and very skinny. We find that these diapers work well for us. He is in a size 4 and there is still a lot of room to grow.We love that these diapers do not leak and fit snuggly. The natural color is perfect too. We could not be happier. We would highly recommend this product.",1
I am disappointed,"I feel nothing but disappointed...I was expecting to watch some essences of Academy Award show for last 30 years, but I got nothing but the shortfilm of nominated movies...Totally different to what I expect..If you have same expectation as me, which is just to watch the ""orginal"" award show and their acceptance speeches, DON'T BUY IT",0
French Version of Relic,"In case anyone was wondering what this book was, it is the English translation of the French Translation of 'Relic', not a new book or rare one.",1
Incomplete,"In general I have been happy with Target furniture, but this piece arrived without directions. When I complained to Target and then to the packing company, they assured me I would receive a replacement directions packet within 3 working days. It has now been two weeks and the pieces are still sitting in my bedroom. It has been a frustrating experience to deal with these companies.",0
It 's cute.,"This not the size i expect from the picture. But I love the tiny size it has. It's sooo cute and tiny. Perfect for single person. Though it's a bit burned at the bottom when cooked, but it's easily removed by water and the burned rice taste good at some points. lol",1
Nice yoga mat,"This is a nice yoga mat. I am s beginner-intermediate. For me, it has the right mixture of thickness and firmness, and some stickiness to keep me from sliding. I also think it is a lot of fun to have so many color choices.",1
JUNK!!! AVOID!!!,"This is a cheap piece of crap, plain and simple. Don't waste your money. Mine is already cracked all the way through after only a few months of normal usage. The 15 year-old blender I resurrected is still great and going strong, so I'm going to order that 6-piece Oster replacement set for about $14 and see if *that* part is any better. I don't need anything else in the set, but that's the only other way on Amazon to get this base replacement part. Hopefully it's not the exact same thing -- some of the reviews of that product suggest it might be better quality. I'll report once it arrives.",0
Superfluous racial epithets ruin any movie.,"As a suspense movie, I guess it was mildly entertaining: it had the criminals we applaud and the plot turns we hope for, sort of, but I can't understand, especially in today's culture, how Mamet (who knows a little something about racism) would think it witty to incorporate lines like ""as long as a chinaman's name"" or ""cute as a Chinese baby"" (when referring to something clearly NOT cute) into the already flimsy script. If you have to resort to lines like that, perhaps it's time to hang it up.",0
50/50 Fifties,"The concept was an interesting one: half the album pop, half rock & roll. It turns out a miserable failure however because these ARE NOT the original recordings, but annoyingly mediocre remakes.Disc good for indoor frisbee only. (zero stars)",0
spider box,"The spider on the spring was not glued on when i opened it. But what can you expect for $1.50. Maybe a 5 year old would think its funny, thats about it. Very cheap!!!!! Sorry Magic Mirror",0
Does not fit on my Hitatchi C10FC miter saw,"I purchased the Hitatchi C10FC miter saw that did not come with extensions so I ordered these. The holes on the saw do not match the width of these extensions. The holes on the saw are much wider so I am not sure if this was a recent change to this model of saw or these extensions changed. I am still looking for the proper extensions for this saw. As the other reviews said, the extensions SHOULD have been included with this saw.",0
Seems Like a Beta Version,"Frequent lock-ups and total system crashes. This is the only (retail) software that I've experienced these problems with since the days of DOS. When it is running there are quite a few details that give the impression it is a beta version that was never completely finished before hitting the shelves.EA tech support operates under the ""no not us, somebody else"" method of problem solution.",0
one of the best films of the 70's,"Movies like this don't come around often enough. This is truly one of the best movies of the 70's. Yet it seems somewhat overlooked by the general populace. Most people have never heard even of it. So if it's your first time watch it then tell all your friends about it. The DVD is good quality as well. This is the best i've seen the movie look. I can't tell you after all the years of watching the vhs version then suddenly seeing it on dvd, I must've commented to my friend a hundred times during the movie on how good it looked.",1
the best,"better than any other book out there on anxiety. very illuminating- if you have anxiety, then read it. give to others around you so that they can try and see the world in the way that you do.",1
DIVERSION SAFES,"THIS IS A VERY COOL DIVERSION SAVE. MADE FROM A REAL BOOK. GREAT FOR CASH AND SMALLER ITEMS. GREAT PRODUCT!!!2-Book Safes, Diversion Safe made with a Real Book",1
IBM T30 Replacement Battery,"I purchased this replacement battery with the idea that my orginal battery had lost some of its charging capacity. My maximum usable time unplugged was averaging around 20 minutes. After receiving my new battery and ensuring that it had a complete charge, I was very much dissappointed with the incremental improvement as I had only gained and additional 10 minutes.I would not recommend this product as the price far out ways the benefits.I can't believe that there is not an extended battery out there for these T30 models?",0
(YAWN!!!) Zzzzzzzzzzzzzzzzzzzzzz,"Bunch of BUNK!! Fell asleep part ways into it. Woke up during it, and sadly watched it to it's (glad it's finally over) end. Conclusion: 88 minutes of wasted life I'll never get back. If you wish to lose 88 minutes of your life, do yourself a favor and just sit outside watching your grass grow.",0
Not a big deal for some,"Just like all Ka-bars, great quality along with fit and finish. I just dont like a blade 7 or more inches to be 3/16 spine. That application is too thin for hard utility such a prying and thin blades stick when chopping. Personally for a hardcore utility I like 1/4 spine.",1
Perfect,"I got this specifically to use transferring data w/ my Polar RS400 and couldn't be happier. It's small, lightweight, and transfers the data w/o fail from the first time I used it. I read a few comments on the best way to transfer data with the RS400 and saw that the key is to put it directly by the dots above the O and A on the watch, and that was spot on. It only took a few days to arrive. I use Microsoft Vista and have had no problems. If you have a Polar RS400, this is what you want to use. The fact that it was so inexpensive was icing on the cake. Five stars all the way!",1
Great viewing!,"I only really purchased this because I'd grown up in Yakima, Wa. when Dave Mahre was operating White Pass ski resort and his sons were winning medals in the olympics.I knew of the failed everest climb and was intrested.If you enjoy this kind of thing, get this dvd. It's good quality and interesting to watch.Dave and Mary Mahre-RIP.",1
It's a great game!,"I think it was a pretty good game. The graphics were great and the players were very realistic and they sometimes even talked! If you are into sports, this is the game for you!",1
Not a good Kindle Edition,"I already know this book is interesting and I'm looking forward to read it, but I give it just 2 stars because this is a very poor kindle edition. I'm pro e-book reading all the way, that's I'm a bit disappointed to see an edition done with no care at all, without the maps and illustrations that you can find on the paper edition. These maps, figures, diagrams are vital to the full comprehension and enjoyment of the book; they must be in the kindle edition also! I hope they will release a new kindle edition soon and that we can download it again for free, because this one doesn't favour at all the pleasure of reading on a e-ink device.",0
great space saver,"I live in a small house, and my 2 bikes were in by kitchen. Now they are in my bedroom with room to spare. It was the perfect solution for me",1
Disappointed,The skates look made well but look different that pictured on Amazon. Also they were a whole size too big. I returned them and I am anxiously awaiting for my refund. They should not put pictures of the product up unless they look exactly like what they are shipping.,0
"Good product, but there are better sheet feeders","I bought this as an upgrade for my 1 person office. I went from an HP that did a great job with printing and scanning, but lacked a flatbed copy function to this. Generally, I'm pleased with the product, but the scanning function is a bit cumbersome and the sheetfeeder for the bypass tray does not always do a good job with envelopes.",1
too much setup required,"I never got far enough to play the game. It might be cool. It requires that you buy another connector for some tv's and you have to get to the back of your tv to make it work. Something, which for me, is not worth the large amount of effort that it would take me. They should let people know this before the purchase. Also this product will not work with LCD monitors or projection t.v.'s. Wish they would have told me that before I paid for it.",0
Tool's conservative father,"2 1/2Not a huge Rush fan by any stretch, so I can't recall why this album was one of my choices to explore their more modern sound. The single title track was decent enough, but the album fails to create much traction with mediocre riffs and preachy lyrics making a persistent average quality even more self-consciously, over-the-hill-rock annoying. Good thing there are enough chops interspersed from preventing complete erosion of the senses.",0
Triumphant,"Whoa, what a great album. If you haven't heard this album or seen these guys live, then you got some serious catching up to do. Good straight-ahead rock with great lyrics and imagery throughout. There are also some good sing-along choruses. To keep a little variety on the album there are two cool epic songs that still continue to haunt me to this day and there a few slower songs in the vein of Oasis. These change of paces don't take anything away from the album but help point out the talents of this promising band. A well put together album that should be heard by any music fan. I'm hungry for the next one. Roll The Bones.",1
Think Less Literally and More Mythically.,Lucifer can be defined in many ways...1) A supernatural being of evil. 2) The destroyer of worlds and bringer of light and fire. 3) A fallen angel. 4) A mythical figure used to generate fear for the purposes of religious conversion and control. 5) A celestial body such as a comet or meteor which fell to earth thousands of years ago causing widespread death and destruction... leading to a whole body of myth about an evil entity being cast down from heaven. 6) A mythical figure with positive attributes: The destroyer of illusion and bringer of enlightenment.,0
Don't buy this program.,This program is the industry standard of what NOT TO DO. If you are not a web designer and just want to make a website there are better free programs out there than FrontPage and if you are planning on making websites for money I recomend Dreamweaver or the Dreamweaver Studio that comes with Fireworks also. FrontPage is to limiting and gave me nothing but trouble setting up sites. Run as far away from this product as you can and tell all your friends to do the same.,0
Watch out! Here comes Beatrice!,"I love trickster tales and this one, with a young girl in the starring role, is a treat. Set in Michigan's Upper Peninsula, Beatrice decides she needs to help her mother by earning some money. There are only 2 options: lumbering and gambling with the giant who lives on the other side of the woods. Beatrice heads for the giant. Fortunately, she's a clever little girl; equally fortunately, the giant is not clever at all. She makes bets that she can pound on his front door harder than he can, that she can carry more water from the well than he can, that she can throw an iron bar farther than he can. And she wins! This story is going to get lots of reading in my Michigan school.",1
Not great,I watched this with 4 year old who is in to Tom and Jerry right now. This had a hard time hold either of our attention..not the classic Tom and Jerry.,0
Won't work with IPhone,"I bought this thinking it would allow me to make ringtones for my iPhone. Based on the description, I thought this would work. What I received is an old version of the software (v 3.5) and it isn't compatable with iPhones. Fortunately it was only $10, but still a waste of money for what I thought I was buying.",0
Great Fun,"This is a favorite movie. Lots of fun. From the opening gun battle on. If you like old fashion westerns, you will like this. The Blue Ray version is well done and shows the scenary very well. The sound also benefits.",1
Forgettable & disappointing & dumb,"Young queer skyrocketing out of the closet develops an infatuation for a stupid loser/druggie/boy-whore, with predictable and stupid consequences. Both boys receive serious rue from the clue canoe.Sugar's not half as titillating or erotic as you might suppose based on their flesh comingling on the bed in the cover art. Instead it's a journey through the dark, dank caves of El Depresso.The boys are cute, and act competently; they might have been presented a better script, written by a sober writer. I don't want to see anymore movies about gays on drugs having lousy sex and sad lives.",0
Davenport Does It Again!!,"I like John Sanford, and I like his character Lucas Davenport. Davenport is definitely a womanizer, but he is also a ruthless sleuth. And, he will do anything to save a threatened victim. This novel follows the usual format, but with its own twists and turns, circumstances, etc. I like it. I have trouble putting the book down so that I can go to work (how dare work interfere?). I highly recommend John Sandford and his work.",1
William Diehl-One of the best for Mystery and Suspense,"Primal Fear. A believable story. It could happen.Aaron Stampler, accused of murdering a church Bishop plays to the reader's compassion with his stutter and country charisma. We think that Aaron is truly innocent, as we subconsciously help his defense attorney, Martin Vail, to get his client acquitted. But Aaron is not your typical country bumpkin. He is equipped with a clever psychotic mind that manipulates his attorney and the reader's mind and leads them on a trail of doubt of his guilt.The story is suspenseful and well written with great character development and a look into the mind of a person with multiple personality disorder. Diehl cleverly masks the truth through Primal Fear and keeps the reader turning pages until the real truth of the murder is revealed in an unsuspected ending.",1
Tommy Hilfiger reversible watch,....I am so happy with this buy....I found the blue red reversible awesome....and it goes either with casual or dressy outfits!...I would highly recommend this watch..,1
What Would Jesus Say?,"In Luke 16 a rich man in hell asked Jesus if he could come back to life and warn his family. Jesus said, ""No, it won't make a difference."" Evidently Jesus was wrong. That is why He has allowed Bill Wiese to bring a warning from hell. It's your choice reader. Will you listen to Jesus or Bill, they can't both be right.",0
Piece of JUNK,"I thought this was a cool gadget, and it's exactly that. Just a cheaply made gadget!The performance is very poor. It drags across the fabric. During normal use, it dribbles water out the front drain spout. Even worse, if you turn off the iron and leave it horizontal, it drips out of the soleplate! I have come back to my ironing board to discover it standing in a puddle of water!As if the above problems weren't enough to hate it, after about 20 uses, the raising mechanism completely stopped working. As far as how it irons, I prefer my $30 iron over this one! It performs a lot better and works reliably.",0
Ugly Projects,"I respectfully disagree with the other reviewers. I found nothing in this book that I would knit. The emphasis is on home decorating items, such as pillows. I sent it back the same day it came. Blessings to Amazon.com for a great return policy.",0
Not worth the money,"I had ordered this to consolidate a couple of my watch winders. It was broken within a few weeks. At this point, it is only a dust collector that holds 2 non automatic watches. I guess you get what you pay for.",0
One of the most incredible musical journeys in history!,"The lost opera of the Amazon was found some years ago in the Bolivian Jesuit Missions of Chiquitos. Like in the film Mission, the history of the opera depicts the incredible history of the work done by the missionaires and the people of the Amazon. The opera shows the classic combat between good and evil among angels, demons and the jesuits. The most incredible part of all this is that it is likely that most of the opera and some extra songs recorded in this cd had been composed and executed by the Chiquitanos and Moxos Indians after the Jesuit Expulsion from the Americas in 1767. Most incredibly, the paperwork which contained thousands of musical works, were copied during 200 hundred years by the Bolivians, to whom belong now this treasure.",1
Complete Disappointment,"I bought this to replace the faithful Wearever Popcorn Pumper that I took to college in 1982, that finally died last week. The new popper is a complete waste of money. It pops maybe half the kernels, blowing the rest out unpopped along with the popped ones. The butter melter is inconvenient, and the components get very hot.I'm sure there's a better popper out there - I know 25 years ago there was! I'm going shopping again. Don't waste your time and money like I did!",0
Price is absolutely ridiculous!,I was not lucky enough to see this movie when it was on TV in 1980 and I suppose I never will because I can't afford $59.95-$115.36 for a VHS tape! This is absolutely ridiculous! I wouldn't be able to sleep at night taking advantage of people like this!,0
Makes lubricating chores a snap,"Quite the useful tool if you have farm or construction equipment that needs frequent lubrication. Dual batteries lessen the chance that you will run out of power in the middle of a job. Drop-in cartridges make quick work of refilling the gun. Somewhat heavy but well-balanced. About the only shortfall is that the grease connector, as provided, is a straight-on style and may not be able to reach some deeply buried fittings such as on my backhoe. Angled connectors are available as an after-market item.",1
Disappionted,"I bought this movie thinking I would see lesbian sex (because I like that) but I was disappointed-there were a few pretty women, but I saw NO good sex senes and a stupid story. I think this movie was a waste of my money.",0
Entertaining trash,"Produced by Roger Corman STRIPPED TO KILL is a stylishly filmed, trashily entertaining thriller. The story is pretty basic: Cop Officer Cody Sheehan (Kay Lenz) goes undercover as a stripper to catch the killer behind the deaths of several of its dancers; and soon finds she enjoys stripping. There is one creepy spectator in particular who is singled out as the suspect, could it be him? The strippers all use the usual creative names like Dazzle, Brandy, Cinnamon, Flopsy, Mopsy and Cottontail who go about their biz while Lenz waits for the killer to stand up and pull his peter on her. Anyhow there are far worse movies out there. Like ZIPPERFACE.",0
"rehash of secondary ideas from original series stories, poor script, clunking, a kitchen sink, a mess","strong fan here while the series was on, at least till season 5 or 6. even own a lot of the dvds, and haul them out once or twice a year and rewatch with much enjoyment and appreciation. this film was a worst episode stretched to film length time limit. rehash plot themes (organs, experiments, visions), poor script, clunking, an unusual religious/clerical abuse/same sex relationship/russian psychopaths angle. kind of a mess. can't anyone say no to chris carter? or at least lock him in a room till he comes up with a resolution of the fundamental themes/arcs of the show that has the insight, substance, and flair of years 1 to 3? if not, enough is enough. long live californication and bleak house!",0
"Love the Book, Hate the Shipping","The book took FOREVER to get here. I mean like, weeks. It was in good condition though.",0
Cicero: A Shallow Summarization,"I bought this book after devouring the ""Masters of Rome"" series by Colleen McCullough. I had hope for a more in depth, factual, biography of a figure that lived through many of the same events as McCullough covered. What I got instead was a cliff notes summary of the events of the man's life, with ridiculously few of biographical details, and far less information than the historical novels of McCullough. In fact, with a few exceptions, ""Cicero"" could have been written using McCullough's books as the SOLE SOURCE. I am not implying any plagiarism or anything of the kind, merely noting that a set of books marketed as historical fiction contain just as much useful information as a purportedly more serious and in depth work. I've yet to read other bios of Cicero yet, but skip this one.",0
Father Ted collection,It will be the perfect gift for my husband. We were introduced to Father Ted while on a recent trip to Ireland and will enjoy watching the collection. Thank you for having it available!,1
Big Ol' Letdown,"I started this book thinking it was gonna be good, campy Southern fun. Instead I got a lame, predictable plot that wasn't even up to snuff for a Lifetime movie script. Stay away from this book if you have even a scintilla of intelligience and/or a fondness for Southern fiction.",0
Soundkase iPod clip,"Don't waste your $$. The iPod slips right out of this case. The lip it sits on is not even level, but slanted, and unless you have your iPod packed in a fat cover, you'll lose it.",0
Poorly Engineered,"Simply put, the screen which is held in place by a snap in feature did not stay in place. I could not even try the shaver to see if it was any good.",0
Do Not Recommend,"I was a little worried about purchasing this set because I had read the reviews from previous buyers saying there were problems with the disks. These reviews, however, were from around 2006. I was thinking that it didn't make sense that a product would still be sold to customers, 6 years later, knowing that it was faulty. Well I did not get through the entire series, but still came across two faulty disks from two separate seasons. The one episode would not play and all and just returned to the menu. The other, skipped and froze so much that it was not worth watching. It is very unfortunate that this problem has been known for so long, but yet the product is still being sold.",0
Amazing book!!,"Once again, Eric Victorino's artistic talent is put into this great free-verse poetry book. I couldn't put it down and I finished it the day I received it in the mail. All of the poems are awesome but the one I found the most interesting was ""It's A People Business."" All of the experiences in his life, personally and with his band, come to life in this book. Please check it out! It's worth every penny!!",1
Ridiculous,"is the conductor being paid like a taxi driver? The qucker he reaches the end of the journey the more he gets? If the orchestra played this any faster you would'nt even know what it was. And I thought Solti rushed things along !! There are much better small orchestra performances than this one, let alone full scale orchestra performances. This is ridiculous.",0
Doesn't get as hot as it should,"At first I thought this was a great product. If you only make cheese fondue it is great. The pot is very easy to clean although it could be easier if it were dishwasher safe.The problem I've had with mine is that it doesn't get beyond about 320 degrees. The dial goes up to 400 but even after waiting for 30 minutes for it to heat up, it only got up to 323 degrees and wouldn't go any further. So if you want to use this for oil for a steak fondue it won't do the job well.I know these kinds of appliances have to have a short cord and also a break-away cord but this is ridiculous. Touch the darn thing and the cord falls free. Very frustrating if you have a lot of people trying to use it for fondue. People kept telling me that the cheese was getting ""hard"" because the cord had fallen off, again. Next time I'd get a pot that had a thermometer built in, don't rely on the heat setting dial.",0
Great multitool,It has most of the tools needed when out riding. I carry one my Giant mountain bike and I've needed it twice already. Very good quality solid build and compact.,1
replacement,"Needed to replace my original...this is a bit lighter, a bit narrower than the original. Seems to work just fine.",1
Contradictory and insulting,"I got this book after multiple people said it was invaluable. I found the tone to be sarcastic and judgmental. I was also confused by some of the contradictory advice: she says she's appalled by how many people let their toddlers dominate the home and call the shots. Then, when apparently asked how to deal with a kid who throws food, she replies, ""He's not hungry, Luv. Let him play for a half hour and then try again."" What are you doing tonight? Clearly, I'm supposed to be catering dinner every 30 minutes until my 2-yr old feels like eating.",0
Great Idea.,"This Squirrel feeder has a great idea behind it but it doesn't take into consideration one thing and that's the squirrels will eat the wood to get to the peanuts. I've had it for a couple of months and its destroyed. I went out to Petsmart and bought the same Idea in Metal,it will last longer.",0
Best small clock ever,"I've had this in black for about 15 years and only changed the battery one...I kid you not....it's become a running joke between my husband and me because he's had a half dozen clocks poop out on him in the same time frame. When I went back to Walgreen's a few years ago to get another for another room they no longer had them. Now it's my grandson's favorite toy, and he keeps taking it off the nightstand so I'm here to pick up a couple more...hope they're as good as the original!",1
Great ride on toy,"For a child that is between the ages of 3-5 and less than 60lbs this is a great toy. A child younger than 3 may have trouble understanding how to steer using the ""bulldozer"" style controls but my 3 year old figured it out very quickly and loves it. It has 3 different buttons for making different firing noises with flashing lights which the kids love.Great toy.",1
"Not as good as first, but still good","Nicholis Cage is back for a sequal to National Treasure. This time he's trying to prove that his great grandfather wasn't involved with the assasination of our president Abraham Lincoln. They also discover along the way that there is a treasure involved. That (of course this has to happen) makes someone else want the same treasure. With his dad, Riley, and his girlfriend, who will come out on top?I enjoyed the sequal to National Treasure. It's full of action again and has a good plot to it. However, the first one (as always) is clearly a better movie. The ""bad guys"" in the second movie don't appear to be ""on the chase"" as bad as Eon and his gang in the first movie. Sure they want the treasure pretty bad, but it doesn't seem that they want it as much as Eon did.Overall, though this is a great sequal to the first National Treasure. If you enjoyed watching the first one, then I recommend getting the sequal.",1
"Good for knives other than from ""fine cutlery"" lines.","Sabatier 10-slot Wood Knife Block is not for you if you own a quality French-made collection of fine Sabatier knives from their Provence or Grand Chef series. First of all the block is not compatible with high-end lines of knives because the slots for knives are not wide (thick) enough for blades to fit in. Secondly, there is no way this block could ever be sold for anything close to its list price. The [price] price is more like the correct &#65533;regular&#65533; price for this item. The quality of this block made out of mismatched by color and grain &#65533;two-by-four&#65533; pieces of pine does not justify a list price higher than ten dollars. I will be returning this item back to Amazon because block&#65533;s quality is not up to par for Sabatier name it carries. My new out of the box block has dents and scratches on its surface; even Sabatier logo on the front is crooked.",0
she loses a star for the slow beginning.,"Aside from that, it was a rip-roaring read. I literally could not put it down - I was reading while I got dressed in the morning.My problems with this book were that it took so very long to get started, in fact I was 100pp in before I felt the hero and heroine made any real connection. (It was at least 45 pages before they even met) Once they did though, things didn't slow down until I turned the last page.Ms. Wilson created very real characters in the midst of out-of-this-world drama. She got into the head of a single mother with all of her contradictions and worries admirably. The kids were great (and I don't even really like kids in romances). Our hero was wonderful in how he related to women.I just wish the book hadn't taken so long to get into the meat of the story.",1
disappointing,"Disappointing in overall quality. The watch looks ok,but is basically an overpriced cheap watch.",0
A Legend of Santa and His Brother Fred,A VERY GOOD BOOK FOR CHILDREN OF ALL AGES. THIS STORY IS A GOOD START OF THE LEGEND OF A TRUE STORYI LIKE IT AND YOU WILL TOO. GIVE IT A CHANCE YOU WILL NOT BE DISAPOINTED. WILLIAM WILLIAMSON JR. LUPTON MI.,1
Works pretty good,This gizmo works pretty good for simple hole drilling in round stock. It is a bit flimzy and not for precise holes.,1
Teachers NEED to read this book... So do LD kids.,"As a smart kid with ADD, I BEG for all you teachers out there to read this book. I was always one of those exuberant, curious, confident kids when I was little... Until I entered kindergarten. Then I became one of the ""dumb kids."" I was eventually diagnosed with ADD and put on Ritalin, which did absolutely nothing for my self esteem. (""Oh great. I'm so stupid that I need DRUGS to do well in school?"") To be concise, the school system ate me alive because it simply wasn't set up very well for kids with different learning styles. It wasn't until I hit high school and took an IQ test (and scored 147, mind you) that I actually believed I was an intelligent human being. See? Your LD students aren't necessarily stupid. They're probably just gravely misunderstood. This book lets you see things through their eyes. Trust me. It helps.",1
Better options out there,"While the case functions well and the blue color is nice, there are a few drawbacks. First, (and this is my fault for not noticing this) is that the connection on the case is not micro or mini USB. It has a special cable (included) that uses a standard A type plug on both ends. So I can't use on of the dozens existing cables that I use for all other USB drives.The second thing I don't like is how the drive sits in the case. There is no way to secure the drive or have it rest on something int the case. It just plugs into the connector and then slides in the drive. It's not a tight fit so the can wiggle back and forth in the housing. I wouldn't trust it to transport regularly.So it gets the job done but there are better options.Plus it didn't help that it took well over a month for delivery.",0
the spiriti catches youy and you fall down,"it was recommended to me by a medical student at harvard, where they teach a freshman class in patient /doctor relations. i found the book fascinating in its exposing the cullture of the hmongs. i had never heard of this group of people but found it it hard to put down after i started the book. it is an eye opening experience in dealing with foreign cultures and i see why it is a required 1st year course at harvard. i highly recoomend it.",1
The Best Books I've Ever Read,These books are inspirational as well as life-changing. I recommend them to anyone and everyone,1
A thoughtful gift for the Titanic buff on your list,"Twenty-four nice, glossy Titanic-related photos on heavy card stock. Some concise, accurate text to accompany them. A thoughtful and inexpensive gift for the Titanic buff on your list.",1
wonderful stuff,"What a great product! It's true overnight relief for dipaer rash. But I only recommend that you use Desitin the original, not the creamy one, since it's far more effective.",1
strong chemical odor/ sizes not consistent,Softspots Women's Trinidad Slip-OnLast year I ordered a size 9 in this shoe. It was a too big but I used a sole insert and a heel pad which solved the problem. The shoes wear well and are comfortable. This year I ordered the same shoe style in size 8 1/2 thinking it would fit perfectly. It was so tight I could not get it on. I returned the shoes and reordered a size 9 which fit but are very snug. These shoes have a strong chemical odor. I have aired them for a week with no improvement. The entire closet literally fills with this odor and I now air them in the garage. I may have to return these shoes too.,0
A Great Place To Begin,"This book contains lots of information for the beginner, but I have found myself returning to it time and time again. Most people say that its a great place to begin, but I think its also a great place to return too.",1
"Different than the Original, yet the same...",Your typical Remake of modern times...Not as good as the Original...A contemporary version of the the Original that the world could have done without... it was however nice to see Julianne Hough dance her ass off!,1
So what!,"Any book discouraging uninformed voters to vote against Hillary is worthy of ink.Although, I believe it is mostly speculative.So what!It is about time the left gets a taste of their own medicine.Two things in the book that I agree with:1. Hillary is power hungry.2. Hillary is transforming herself into a centrist.If the reader believes nothing else but these two points it was worth the speculative ink.I gave it one star so the lefties will read it! Kiss Kiss! Liberals.",0
A brilliant debut,"I was never really much of a fan of Creed, although i did like some of their music. After seeing a commercial for this album i decided to give it a try. I was totally blown away by what i heard. New singer Myles Kennedy puts so much conviction and passion into his singing. His vocal range is unbelievable. And the remaining Creed members sound really tight playing their respective parts. Mark Tremonti really shines on this album, both by his playing and writing. If you're a fan of rock, buy this album. You won't be disappointed.",1
Great Fantasy Read,"i highly recommend it. I ""bought"" the free first book and plan to purchase the rest of the series. It has magic, monsters, knights, elves, ogres, and so much more. Fast paced read. I love it.",1
unimaginably hard to listen to,"I don't even know where to begin, but this was without a doubt the worst CD I ever bought. I own over 100 blues CD's of various artists A to Z, and this one is the only one I wanted to throw in the trash before I even got through with it. You can not even get to hear the guitar because this mans voice is just absolutely aggravating. I can't even describe it. Is it screaming? But to tell you how I feel, I would rather listen to a jackhammer, or fog horn, going off repeatedly in my living room before I would ever play this CD again. I have to admit, I am no authority here, and I could be quite wrong about this CD, but take my advice for what its worth. And definitely buy something else.",0
"Stong Fathers, Strong Daughters","My husband and I label this book as a ""must read"" for any daddy raising a daugther! We never realized the impact a father has on setting the course for his daughter's life until reading this book. It heightens the motivation to be that special man in your daughter's eyes. The author had a wonderful way of touching our hearts and opening our eyes to the role played by the father.",1
Good product despite deceptive verbiage on box,"I got the iMic as a higher-quality alternative to the cheap sound card on my XP laptop. For this purpose, it has worked great for me for the price. It has improved sound quality for both output (PC audio to stereo speakers) and input (I record voice from a cheap microphone for my work). To boot, since it's USB, I hooked it up to a USB 2.0 hub, so now I only need one wire to connect my laptop to all its peripherals.However, I agree with other reviewers that it's not quite a ""pro"" product -- it doesn't have the controls and connectors pro sound people are likely to want. And I also agree that the box's promise that it ""easily turns old records and tapes into mp3s or CDs"" is exaggeration. Of course, you need a sound card, such as the iMic, for that job, but in any circumstance creating those digital files will be a big labor.I'd recommend this if your basic goals don't go beyond just getting better sound.",1
Fast!,"Great printer, fast, low maint, large paper tray, rarely jams. Only drawback is there's no LCD screen so when there is a problem you have to translate blinking light messages to figure out what's wrong.",1
"Could be better, but a good book about a despot",Gives a very unbiased account of Pinochets life and times. The author talks about the state terrorism of the DNIA(Chilean Intelligence) against foes at home and abroad. Probably the best unbiased literary acccount of Pinochet and his despotic military Junta.,1
nonsense renewed,"This book is not about ""a revolutionary psychotherapeutic treatment"" as advertised. It's a throwback to the nonsense beliefs of the Dark Ages. Demon possession??? Give me a break! A past life affecting present behavior?? Impossible, unless you have a memory of your previous beliefs and values! This is a book of fiction for the gullible, and/or religious fundamentalists.",0
Worst design and execution I have seen,"This was the first gas can I have bought in years. The salesman demonstrated briefly how the system works. I got home and neither I nor my son can make the can work correctly without gas seeping out and running all over our hands and the equipment. We tried several times and then went to their website (as referenced on the can) only to find out that the videos there don't match the products they sell. Our mechanism for pouring was for more difficult to use and far less stable than what their video showed. Bottom line, both cans go back tomorrow. Horrid product. Run away!!",0
This is EXCELLENT!,"I'd like to say, that at first, I thought this would be a ""B"" album that had been shelved. WRONG! This ia a first class, ""A"" collection of recordings. Diana Ross sounds great...the vocals are perfect. The whole production made me want to play this very loud; and I do. I've played this about 7 times now in my car....and it just gets better and better. Great album!",1
No more confusion,"I bought this book thinking it was Brandon Boyd of Incubus. partly because the book is being sold with Incubus CD's but after receving the book and reading it I was not too sure. not to say its not a good book its okay, just a little mushy. Than after going to the book signing on May 12th some girls brought this book for Brandon to sign and he did not even know this book existed. so I just wanted to let everyone know as to not be confused this is NOT a Brandon Boyd of Incubus book.And thank you to Brandon for clearing things up!!!",0
Coleman 70 quart ice chest.,"The coleman 70 quart Ice Chest does a good job. But like Igloo and others the hinges break very easily, poor vinyl or plastic material. In Texas Academy Stores usually have parts but Coleman parts are a low priority because Igloo is King. You will find plenty of Igloo parts even in other stores Hardware Stores, Target Stores, Walmart, but no Coleman parts. So forget buying a Coleman Cooler once the hinges break it is over. Go to Coleman's web site they don't even show a 70 quart cooler. Try and phone them and they don't even know what you are talking about and I provided the product number. I just gave up.",0
Great,"This CD is very good, if you are a Olsenfan. Some songs aren't sang by them but the cd is almost great.",1
Did get what I purchased,The book I received is not the one I ordered. Though it has the same name as the one I ordered it was an older version (10 years old) most of the coding examples used in the book is out of date.This will be the last time I buy a book from you.,0
Beware!,"This CD is missing 7+ minutes of the program as listed, i.e., the final two movements of the ""Crown of India Suite"". What a bummer!",0
I've should readed the reviews before...,"in 4 years this has been the worst election that I've made. I love John Williams music, and like everybody thoughed that I will received all the original soundtrack from 3 films; not chabby and terrible versions from electronic music, seriously STAY AWAY FROM THIS! if you don't wanna loose some bucks!, this is outrageous!",0
I've used it before and I'll keep using it!,"I've used this product in Caracas, Venezuela and I found it to be a very good product that says exactly what it promises. i got a chance to buy it on e-bay in Miami and I'll use it as long as I can get it.",1
"Lovely in prose, but dull in content","I was anxious to read this book. It had been given rave reviews when it debuted and I was postitive that I would like it. Wrong, I will admit I was wrong! I found it dull and tedious. It seemed to repeat itself and the twists in the story appeared calculated by the author. I could almost hear her saying ""Let's make it go this way now."" The book is a quick read and the author's use of language at times is lovely, but those are the only positive comments I can make concerning this boring book.",0
Worthless,Pretty much my dog just shoves this thing off the couch and lays there anyway. There is no rubber or anything on the bottom to help prevent it moving.,0
Impactful on every level,"This film has an impact on me on every level: story, characters, visuals, action, cinematography, atmosphere.I cared about Theo and his ex-wife, the girl and her child, Jasper and his wife. I cared what happened to them. As far as film-making goes, this movie is a powerhouse. It's got some of the most intense action scenes I've ever seen filmed, and several of the best ones done in one continuous shot, which has the effect of making them seem all the more brutal and immediate.",1
Will never order again,I have bought several things from amazon and have never been so disappointed. I have to this day not received the memory card. I will never order another thin.g from your site,0
welcome addition to my mini lathe,"First off, the extension bed is great. From time of delivery to time of putting the bed extension to use was about 30 minutes. Took a little tweeking to get the two pieces aligned but went relatively smooth. Second issue, the packaging for transit sucks. Inside the box they designed the padding poorly (expanded styrofoam). One end had a large block of foam surrounding it the other had little padding at all and in turn one of the plastic foot pads was broken. I was able to make the repair in short order but this should never have happened. A full block of foam padding at both ends would have prevented this.",1
Worst movie to date!!!!,"I just love a good interracial movie. This movie played the race card, which any good IR movie will do... but the also played the Teens-gotta-have-sex-all-of-the-time card. It also played the Gotta-get-high-&-drunk and outcasts-are-the-coolest-people card. I would rather get one pap smear per hour for the rest of my life than watch this movie one more time!!! The only thing the main character did was act like a freaking baby and the male lead, to say he was so smart, was so stupid. He felt he had to clean up all of her messes and in effect almost screwed up his own future. Her father repeatedly tells him that she will (but he won't listen). I waited throughout this entire movie for it to get good..... and it did... in the last 10 seconds. Don't waste your time or money on this one, unless you just loved the movie When a Man loves a Woman (which I also hate)!",0
Never ending,"I acutally spoke to Robert Jordan at a book signing at the time this book came out. At that point I asked him:""how many books there were going to be in the series?"" 7 to 9 he says, not quite sure yet.""about the plot - do you have it worked out?"" Making it up as I go.My heart sank when I got these answers and it probably explains why the series has got so bad from this point onwards. I stopped reading this series when I heard these answers, because I knew it wasn't going to end up well plotted out and was just drifting on and on.This may explain a few mysteries as to why this series has declined in quality so badly. He's got 2 stars because the books were still readable at this time - but there was/is no end in sight still.",0
Catch Bull at Four,Yusuf or Cat Stevens he is the greatest ever. I've been listening to him for 35 years and am very excited he's back.,1
16.5 - INCH DRILL PRESS,"For it's price, this is a good heavy duty drill press with features only found on much more expensive equipment. Assembly was fairly easy except that I had to use my tap and die set to clean out several threaded holes and the machine screws to assemble the table and related components. Casting on the table is poor with edges rough enough to cut me and metal under grooves in table with voids. I'm very surprised that Delta does not have better quality control on this.",1
Love the feel of this bowl,This bowl is the first bowl that I have ever used in my life that fits so well in my hands and is a pleasure to use because of that fact. I love the way it feels and I would recommend this bowl because it feels so good and fits so nicely into your hands which makes using it a pleasure. I am so glad that I decided to purchase this bowl. I highly recommend it.,1
MX 310,The mice broke just under 12month of using it. As many said the left click is the most part where people use and easy to break.,0
The Magic School Bus Makes a Rainbow,"My granddaughter loves this book also, she loves talking and reading about rainbows and stars",1
cleans but breaks,"Cleans well, but after several uses, with tender loving care and following all directions, small parts started to fall off or crack. Then it was repaired improperly at the repair shop that the warranty required. Just not built to last very long. Used 8 times, and went to the repair shop 4 times.",0
So disappointed,"I ordered this book over one year ago because of the rave reviews. I tried two recipes in it. The lemon pound cake was dense, too lemony and just all around not to my or my boyfriend's liking. The vanilla cupcakes were so, so. I make exceptional desserts from recipes in other books and articles and people have raved about them. I also follow instructions precisely. However, in this case I know that the recipes are not good (at least to me) and the baker is not the problem. I guess I just don't have a taste for the recipes in this book. I am almost afraid to try another recipe because the two others have been so disappointing.Perhaps this book is for someone who has different tastes from the norm. However, I like decadent desserts. So far I'm thoroughly disappointed and wished I hadn't purchased the book.",0
Charming book about a charming (if a bit noisy) subject,"This is one of the finest pet books ever written; it doesn't sound ""canned,"" as so many books on pet care do. The author's enthusiasm for these most enthusiastic of pets comes through. He gives enough anecdotal information to hold the reader's interest but backs it up with solid facts and how-to's on the care, taming, training and breeding of halfmoon conures. For instance, he is very honest about the noise factor: dwarf parrots of all species can be raucous! The chapter on other popular dwarf parrots is necessarily abbreviated but informative enough to ""do"" until the reader could find a book on his particular pet. (Bates and Busenbark's PARROTS AND RELATED BIRDS, recommended in this book, would be an excellent choice for that reader). All in all, a delightful read.",1
WHeww! It's OVER!,"This book has about 186 pages. At page 156 I started counting down .. 30 pages left, 29 pages left, 28 pages left ...Story about homeless white kid making friends w/ black kids in the ghetto, and the racist white kids who taunt them.Reminds me of the 70's.Yawn.",0
She's come undone was much better.,It is slow to get into. Feel She's come undone was much more interesting. Almost gave up on it 2 or 3 times but did manage to finish it,0
I'm buying another one!,"I bought this pad by accident. Boy, am I glad I did! This pad is so soft and cushiony that it made it easier to transition my daughter from the ""family bed"" to her crib (in only two nights)! When it was time to wash it, I used one of my other pads (the one I was originally trying to buy) for one night. She absolutely hated it! I had to put it back on the crib before she would go to sleep (yes, it was clean by then)! The bottom is plastic (or vinyl?), so make sure you dry it on low. Anyway, now I'm buying another one, just in case...",1
Killing fields,stretching and easily to read readingJack Reachers adventures are just as good as this from James Bond I look forward already to the next book,1
Why I rated this book with 4 stars...,"If you're looking for more serious information and training for SAR dogs these is a GREAT book. It's clear, well written with serious information on what a SAR dog AND handler must be like. It takes you from step 1 (choosing a puppy) to having a full operational SAR dog (radio communication, handler's, training step by step, etc).So, why 4 stars and not 5? This book isn't very open to different techniques, methods, dogs or info from around the world. For wood search it's very good. If you want info on avalanche or disaster search it's not very complete.",1
These mustaches tried to kill me!,These mustaches were enchanted with evil magic. They tried to kill me. Literally. The also attacked my friends and family. I couldn't get rid of these for days.The magic also probably lowered their quality- the fake hair fell out and got all over everything.The one really good thing about these mustaches was that they were REALLY REALLY REALLY big; your giant friends can use these.,0
Intro to cyberpunk,"This short story collection is a good introduction to Gibson and the cyberpunk genre which deals with technology and those using it in the near future. The book is inexpensive, the stories are short, what do you have to lose?",1
Scary as the Hell that is called Mars,"The music on Mythodea was interesting at first. Then in the midst of the ""aria"" type-movement, it began scaring me greatly. In fact it scared me like the Hell - and i do not believe in Hell, because in fact, ""Mars aint t he kind of place to raise your kid, in fact it's cold as Hell: well that's what Elton/Bernie sings. Although, i was kinda kewl with this sort of thing. I was at once startled and chilled to the spine, when my Mother busted down the down and found me lying on the floor wearing headphones, with the amp cranked up ! This album is the worst and at yet leaps the kind of faith, the kind that only Evangelos Pappathannisou, could dream people might enjoy ! Whatever he's on, I would love to have that in pill form. Love, Douglas :)",0
"Love It, Love It, Love It !!!",Purchased this in Jan 2011. Am currently in my 4th week of the program and very impresseed thus far. I did read the reviews before purchasing and confirmed I could pass the fitness test (great look by the other reviewers). Already seeing and feeling changes visibly and on the scale. I chose to start with the lean program and will likely go doubles the second time around and classic the third. Definitely recommend!!!,1
Mancini at His Best,"This is a great CD. Excellent sound quality and the difficult to find Audrey Hepburn version of ""Moon River"".",1
Waste of Money,"My children were not able to wear this costume for Halloween. The costume said that it was for sizes 0-6 months. However, the costumes were gigantic! There is no way that any baby who is under 6 months old would fit into this costume. It looked like it was sized for a toddler. This ended up being a huge waste of money since I had to get other Halloween costumes for my children to wear.",0
Greenies are OK if your dog does not gobble them down,"I have done a ton of research on the Greenie problem. After all the research and speaking with my holistic vet regarding the matter - I have come to the conclusion that if the dog is not properly chewing up the bone, then there's problems. My lab takes her time with them and chews each bite completely. My vet recommended ""Flossies"" for an alternative if a dog is not chewing the greenies well enough. I tried ""Flossies"", but they are expensive and gave my lab the nasty poops - sorry to be so graphic. In the end - I am back to greenies and they now make a new, more digestible version.Always be present when giving any dog a bone - I have the instructions for the doggie Heimlich Maneuver on my frig just in case!!!!!!!!",1
Dreadful,Just dreadful. didn't even make it home and I was dissapointed. I ended up playing my Clay CD instead.,0
GREAT BEGINNER GUITAR,This we bought for our oldest son 3 years ago. It really has a nice sound to it and the combination of the amp and guitar for the price is perfect!! It has really held up from daily playing.,1
Great Product,"I have been using Zone Alarm since last October and it has performed brilliantly. I have only owned a computer for about 4 years and went with Norton Initially, I guess because it was the most popular. I was infected at least three times with spyware, viruses, etc... Of the three infections Norton only detected one, the other two I used a free internet scanner to detect. Not too mention Norton used huge amounts of computer resources to operate. Since buying Zone Alarm, my computer has ran much, much better. I have had no infections(granted I am a little more computer savvy), and Zone Alarm is constantly blocking access to my computer. It is highly customizable and easy to use. There are far more features available and I dont even use half of whats available. I would highly recommend Zone Alarm, no matter what your level of computer experience!!!",1
pump failed to soon!!,"Pump failed in less than 2 years, 20 months to be more accurate. My basement got flooded",0
darn good,"while not as good as the first (a hard level to match) dual matrix is a great addition to anyone's anime library.Armitage and the big guy are married and have a daughter, and live with aliases. throw in some political intrigue some ""what does it mean to be human"" mumbo jumbo and some oh-so-tight leather strap clothing/BDSM outfits and that is the movie for you. i would tell you more, but then i would really be giving everything away.btw, the english voice actors are different.",1
Not PG anymore since they put all the profanity back in,"The Netflix ""Romancing the Stone"" had 10+ G*damms in the first 50 minutes before we gave up. Why is this DVD rated PG when they put back all the profanity they took out to get a PG rating for the movie theaters? There is no warning in the product description that it is no longer PG.",0
Excellent and Balanced Study of Wartime Incarceration,"Lane Ryo Hirabayashi has done a great service to the Asian American Studies community with his study of the life of Tamie Tsuchiyama. Through her own words, Hirabayashi captures her struggles as a researcher coping with the daily exigencies of life in an American concentration camp. Central to his work is the relationship that Tsuchiyama shared with then JERS (Japanese Evacuation Resttlement Study) head, Dorothy Thomas. Not only is this meticulously researched, but poignantly recounted through Hirabayashi's deft analysis. I can't wait to assign this book to my own students.",1
Drops 15% of all calls,"Horrible phone - drops at least 15% of all calls, doesn't ring all the time, software glitchy and crashes. I have had two separate v220s with the same problems. Don't get motorola. I miss my old grayscale denon candybar from sprint...",0
A must read for student's of U.S. foreign policy,"Full of important historical information and interesting tidbits of trivia, The Barbary Wars provides an excellent overview of the foreign policy challenges faced by a young and idealistic United States in exporting its revolutionary (and necessary) economic ideas. It also explores the often difficult job of making good foreign policy decisions in the face of seemingly unrelated, but nonetheless complicating, domestic politics. Lambert offers a work that should be viewed as important by historians and contemporary political scientists.",1
"The Housing Bubble Has Burst, But This Book Is Still Relevant","I am in the process of obtaining my Real Estate License so I made this purchase, it is an interesting book. The book is ""copyright 2006"" a time when Las Vegas, NV and Phoenix, AZ could do no wrong so they seem to put a lot of emphasis on these two markets. We all know these were two of the most hard hit areas when it came to foreclosures. Never the less, this book is a good investment, particularly on Amazon where I purchased it for a penny. Kendra is a woman of faith and principle and I intend to follow her formula to ""risk and grow rich.""",1
"This book is excellent, but its pace is to fast.","This books pace is way to fast, and the explantions are to hurried. The author starts on one subject and the quickley proceeds to another with little segway in between. Besides this week point it is an excellent book. It forces the reader to think, really think about what our goverment is hiding from its citizens. What dark forces are behind this project and does it affect us and our freedom in this country. A must have for anyone who wants to learn more and develope his own opinion.",1
Not acceptable,"I was quite surprised to learn that the filter is not designed to be water sealed. While the installation direction clearedly says that it is required to apply Teflon tape, it still feels like a 19th centry technolodgy. On the bright side, a small scroll of the said tape is included in the package.The installation is easy and simple. Unfortunately, when we attached our shower head back and tested it for the first time, the filter could not sustain the water pressure and broke into two pieces. Luckily the only casualty was our light bulb.Item returned without much of discussion. I hope this company's got a good return policy.",0
REBA NEEDED TO WAIT A WHILE LONGER....,If this is what a new CD from Reba sounds like then I can tell you it aint no different than any of her last 4 releases. Its all the same. Only the lyrics are different!! She should have waited a little longer and come back with something that had a little more substance to it. None of the songs on this are even worth mentioning.,0
I love them all.,"Sigh. For the longest time I was drifting in the quagmire that is R.L. Stine. Then came the light. I have read all the books Miss Lisa J. Smith has written (except her first 2, and the Vampire Diaries) and the Night World series has just topped off all the good things I already knew. Her writing is excellent, nicely paced, and you NEVER 1)get bored 2) get disgusted by all the mushy stuff, because it is not 'mushy' it is beautifully written and not overly flowery.I have only one grudge.......WHATEVER HAPPENED TO STRANGE FATE? IT'S AS IF IT NEVER EVEN EXISTED! AM I THE ONLY ONE THAT NOTICED? ........................",1
Helping Us Understand the Obvious--Once He Makes it Obvious,"Every once in a while someone explains something so well that you can't figure out why you didn't see it before. Gladwell does this. I've read and studied decision making quite a bit, and most of it made a lot of sense and was based on good research. None of it--with the exception of one author--however, explained for me the reason of why people seem to ""jump"" to decisions, without following the ""rules."" This is a great book! (The other author who explains things this well is Gary Klein (Sources of Power, Intuition at Work), whom Gladwell discusses).",1
Sharp digital camcorder,"The first time I ordered it, it was defective and a pain to try and return, then the replacement took too long.",0
gomez only shine on this debut,"""bring it on"" is uncomparable to ""liquid skin"",i'm afraid gomez's talent has used up.in this suprising good debut,the mix of vocals between a young & old sound is cool & i think it's better than beta band's""three eps""",1
Nice surprise.,"The book is very well written, concise and not not becoming destructed by theoretical excursions. The fact that philosophy ala BHL is not ex cathedra discurse but field research gives freshness and sharp observations to the reader. Avoiding to polarize between ""uncivilized americans"" and civilized europeans credits BHL with objectivity and wide spectrum of participation from every day life up to intellectuals, politicians and even Hollywood opinions. Good contribution to bridge the gaps of recent years between USA and Europe away from chronical antiamericanism syndrom",1
same old driver issue,"Like many others have already posted, the driver is not available online. I purchased it and wanted to install driver on the airport as Albuquerque airport has free internet. Well, driver was not available on the net. I do have the cd but my laptop does not have a cd-drive (its one of those compact 12 inch laptops with no cd-drive). So, I am out of town not having access to my extrenal cd-rom drive and as the software is not installed I cannot use the device's wireless capabilities. I am already thinking of returning it to compusa once I get back home.",0
Wind Speed and Rain Gauge are Inaccurate,"I have owned the product for about 6 months. While the remote transmissions work very well, the wind speed and rain gauge are very inaccurate. They are often off by a factor of 3. This product is a nice try, but it doesn't work.",0
PRODUCT NEVER SHOWED UP,My items ordered did not show up. I had to request refund. I would have rather had the CD I ordered not the money.,0
"don't buy this version, you'll feel jipped!","I bought this version thinking that it was going to be an improvement on the original DVD version...I was wrong. I have what I would consider a pretty sooped-up home theater and I could tell no difference in picture quality between this and the regular version DVD. Furthermore, the only audio track you get is the Mandarin version. If you want to understand what is going on and you don't understand Mandarin, you're forced to turn on the subtitles...I HATE SUBTITLES!!!While I see what ""Superbit"" is trying to accomplish, I don't think there are many folks who will be able to tell a difference. Buy the regular DVD. You'll thank me later.",0
"Fine, but high defect rate.","The Saitek Eclipse II is a fine keyboard... it has the traditional layout for the cursor keys, which is critical to me, and controllable backlighting with a bit of sidelighting. That's all good. The feel is a smidge mushy but works well for fast typing.But... they aren't manufactured reliably. The biggest problem is half the spacebar not working. To fix this, you have to disassemble the keyboard, readjust the rubber membrane under, reassemble and readjust the spacebar springs. Do an internet search on the words ""fix saitek eclipse"" to get a sense of how common this is. Fixing it takes about 10 minutes, not a killer but kind-of annoying. I've had this problem with all three Saitek Eclipse IIs I've had.My only other gripe is that there's no power key (for putting the computer to sleep) on the keyboard.",0
biased and unfair,this book is asymmetrical warfare: a ludicrous spinfest that rewrites history by simply omitting all inconvenient facts.for shame.,0
terrible re-design of a great classic,"Handle is cheap plastic; handle doesn't attach firmly to pot, so you have to tighten frequently; pressure seal is unreliable. Generally not good quality",0
Pulls You In,"I was given this book and have found it comfortably engaging, gently surprising and satisfying complete--like a bowl of gourmet soup. A stunning display of the writers craft, an eye that dotes on nature's details and a mind that deftly connects reader to subject. A joy.",1
Much smaller than the box pictures,I bought this at the Toys R Us store. The box pictures large children playing in the pool area. The size of the pool is very deceiving. It is a small rectangular pool and the slide takes up half of the space in the pool. I have two preschoolers (ages 2 and 4) and this pool is just the right size for them. This pool is MUCH smaller than it looks on the box.,0
Hellhounds,Dog gone good movie times 3. I highly recommend for anyone who is looking for a title that will really grab them.,1
Works perfect for me!,"Hey, what can I say, it's a cart. However I was looking for a small cart that would handle a Hobart 140, tank and fit under a cabinet. Does exactly all of the above for me and wheels around the garage, so 5 stars it gets!",1
A doll is a doll,"What is the matter with you muppets, a doll is a doll. Whether myscene or bratz, they are still lumps of plastic! They are both cool, but Barbie is the original! So what if myscene copied bratz! they both have dodgy heads and big feet I like them both!Dolls are things which should be enjoyed, not used as a subject of war, If you only like myscene, then like myscene. Same with the bratz, cuz to be honest, they is quite useless anyway!",1
Surprised my husband with this one,My husband loved this group when they were popular in the 90's I guess. He listens to it all the time. Brings back such good memories.,1
Sun Zapper is too small to do any zapping.,"The sun zapper is too narrow to be of any help. When attached to the visor appropriately, it is too high to be of help unless you are very tall. I am average height and it doesn't block the sun at all unless its nearly noon.",0
Mesmerizing Flights of Prose,"One thing that Chua does exceedingly well is stylizing. Nevermind the story (if it were a bit more connected, I'd give him 5 stars). He is brassy, he is vulnerable. He is vulgar, he is tender. This is the sort of book that requires much of its readers. Those who take it at face value will hate it (as some of the reviewers above have). The narrator may not be likeable, but then again there is a reason why the author made him that way. Those who prefer to be spoonfed should turn to Stephen King or Higgins or Danielle Steel.I like this book because it has guts. It'll make you wince and gag and chew your lips to shred. Chua has the power of a very keen poet. Highly recommended to writers or those with a deep appreciation for prose.",1
Good If You're Just Starting Out,"This is a good mixer, but not great. The beaters can slip a bit and it each other. It hasn't died, so my only complaint is with the beaters slip, but for the price, it is a minimal annoyance.",1
I've had better.,The pros about this cam is that the pictures.. were decent. And the software was pretty cool.But the cons? You could not keep enough batteries around to keep it goin.. and the flash is way too bright.. it even actually effected the pictures.,0
A must have for the future beauticians of all ages,"Among many other things, my daughter loves to style hair. This is the perfect ""toy"" for her. She styles Sasha's hair differently everyday. It's durable and can even be shampooed! What a great find and well worth the price!",1
Worst movie I have seen this year!,"There is nothing like wasting your money on a rental. Thank the Lord I did not purchase this DVD because it was horrible. I just finished watching Stomp the Yard II. Unfortunately, I can only rate this movie with 1-star, if I could give it a lower rating, I would. The dancing was pathetic, the acting was weak.... I could not connect with any of the characters it was just blah! I loved seeing Stephen Boss - Twitch (so you think you can dance) and Columbus Short, however it was not enough to make this movie good! Without a doubt the first movie was so much better. In the first movie the acting, dancing and story-line was really good. I like to support black movies and I am not sure who the writer, director and producer was on this movie. But clearly they need to go back to the drawing board. Huge flop!",0
Adjustable arm shower head,"I tried to use with diverter valve, but unbalanced torque created havoc with sealing gaskets.That's why helicopters have two rotors.",0
No fit on ZR85,Purchased this battery for our ZR85 and the mounting slide does not fit tight enough to recharge it. Now we are having to pay shipping charges on its return. The Canon BP535 says it fits all ZR style cameras. What's up?????,0
I learned a lot from this album,"The movie as well as the album are great lessons in life. I learned so much and I keep going back to Graffitti Bridge because I can't get enough of the songs. ""Joy In Repetition"" tells the story of my own life, ""Elephants and Flowers"" has fantastic lyrics, ""Tick Tick Bang"" is funky and typical O(+> work. I adore this album and I think that you must see the movie be4 purchasing the cd. Open mind, open heart, changing lives......",1
this book is a mess,"typos everywhere. really needs an editor. way too many characters. too many plots. it's like 3 books in one. munchausen, nuclear waste, peodophilia, stalkers, relationship break ups and typo typo typo.",0
It does not work as advertise. It blurs the screen,"I had high hope for this unit, but it turns out to be a disappointment. The documentation says it does not blur the screen. This is not true. I can see black diagonal lines on my screen, and this is sitting directly in front of the monitor. It's bad enough to make it unbearable.As for privacy protection, it doesn't help much. It just makes your screen a little darker. I can still be seen and get caught surfing while at work. I also had my colleagues tested it with the same opinion.",0
the dance lessons are boring.,"i was disappointed in this dance lesson dvd. i was expecting more from this two dancers. well i made a mistake. john is just a starting student in ballroom dancing so it is pretty obvious he cannot teach well. john depended all his cues from his partner who is a seasoned dancer but the dvd fell short. they cramped several dances in this one dvd so they only teach one or two steps per ballroom dance and it is not enough even for a beginner. it is not advisable to buy a dance lesson dvd with all the dances in one dvd because the teachers in it will just teach a few steps so as to fit it in one dvd for a limited one hour of running time. i suggest you buy one dance for one dvd so the lessons would be comprehensive. don't buy 10 dances in 1 dvd for one hour running time, that is ridiculous, that is not enough to learn anything from it.",0
"Sooooo junk, and over priced","Developed blade play in 1 minute, adjutment does not last. P.O.S . Like the aluminum handles though. Not a good buy, get mtech instead.",0
Higdon Disappoints,"After learning that Jennifer Higdon was the most performed of our current crop of American composers I bought this recording of her work in great anticipation. I must admit that I was greatly disappointed by both the Concerto for Orchestra and City Scape. Higdon clearly thinks that her music must break new ground of ""challenges"" to the listener rather than providing a pleasant musical experience, which I'm sure she is capable of producing. Her music is the type that excites academics and some musicians with irs inventiveness, but fails to captivate a concert audience.",0
the perfect combination,"i do not have the cd in front of me so i won't get into the attributes of each and every track but i can tell you 3 things:1)buy this cd2)you'll love it3)i guarantee it (of ocurse, this is not legally binding).i think the secret of this cd's success lise in the perfect mixture of old fashioned oriental tunes and beats together with up-to-date technology and thoughts. i liked the way the tracks took me from the stuffy vibrand inside of a bedouin tent on a cold starry mid-sahara night into the throbbing and sexy lounge of that favorite night club i always want to go back to.great for background listening and great to get yourself, and your guests into the mood for more!",1
Amazing!!,I love this item.... You can keep drinks cold for a long extended period of time. I started using it for my sandwiches too in my lunch box.,1
"Creative art, moving prose","Between the pages of this book Elisabeth Wilson bares her soul as artist and writer. Beautiful artwork combined with deeply moving prose creates a wonderful work that strikes a resonant chord in the reader. The final part of the book includes the materials and techniques that she used to create the artworks in the book. Wonderfully touching, a highly recommended read for when you want to turn your mind from the troubles of the day to a deeper, peaceful place.",1
Unbelievable Talent!,"I can not believe how beautiful this CD is!!! Syleena has one of the most beautiful voices I have ever heard. After listening to this CD I can honestly say that she is now one of my favorites of all time. She sounds like no one else, perhaps she can be compared to the old soul singers like Millie Jackson with a newer-hipper sound. Her voice has a yearning, passionate quality that forces you to take notice. Every single song on this CD has it's own personality. I am a lover of Hip-hop and R&B but I am dissappointed by a lot of the singers today because most don't have the talent, just the right look. But, Syleena Johnson clearly has both. She is also a wonderul songwriter--the lyrics are true poetry. I have never been this moved by a CD-- EVER.",1
what in the hell was pitchfork thinking?!,"This album, quite simply, is crap. It's boring and, at best, mediocre. I tried and tried to get into this, not wanting to miss out on what was hailed as such a great disc. But I just don't get it.",0
Excellent to Watch WITH Your Kids!,"The time, 1957, was a Simpler time, when the only worries most young boys had were schoolwork and girls. One young boy though has more interesting ideas ~ he daydreams of alien invasions and doing battle with Communist agents. When a local legend about a giant iron man proves to be real, the real threat is not from the Communists or aliens but the government. A story which pits a young boy against his feelings (good and bad), his friendship with a 50 foot iron giant, and the government he thinks he should believe. This is an excellent story for kids with mild violence. In the end the iron giant gives his life to save the young boy's town.",1
Let's fight!,"Track 2 is excellent, The Sailor-Song. It's so funny. Also, Best Friend and Eenie, Meenie, Miney, Mo.",1
Michael Myers Lives!,"Not the best although much more enjoyable than HALLOWEEN 2. This installment lacked the action of part 4, but it was still good. Michaels mask in this looked a bit pathetic and the way he killed people in this is like the style of Jason from FRIDAY THE 13TH movies. I liked the bit where he takes his mask off and sheds a tear, in a moment of thought. The ending is mysterious and there is also the appearence of a man dressed head to toe in black. Overall a good film which is better than part 2 & 6.",1
Buggy Software,I tried to use this software in a school setting and it simply would not work for long. I got the same error message as others have gotten. If it was reliable it would probably be an excellent educational reaource. Too bad.,0
Very satisfied with purchase!,"I was very pleased when I received my order, it was in pristine condition and the scent was just perfect! This fragrance was discontinued years ago, so I was certain the fragrance would have spoiled during the time it had been sitting in some warehouse. On a day I wore the fragrance my niece commented that smelled Gucci Rush. Imagine her surprise when I told her I was wearing it! We were very disappointed when the scent was discontinued, it's good to know that it's still available somewhere.",1
Great product for price,Product works great for the price. We use it for backup vocals at our church and the sound quality through our system is fine. It didn't come with the clip-on mics as advertised but I called the customer service number and they sent them out right away. Customer service was very good. All in all a fine product for this price range and you will not be disappointed,1
Cliched characters and a dragged out plot,"Like many other reviewers, I loved ""Daisy"" and expected better from this book. It's hard to warm up to a main character who refuses to enjoy the many advantages in her life (beauty, talent, success, wealth, popularity).""Baby Girl"" is the type of person we'd all want to shake in real life. In this book however, people can't stop falling all over themselves to do things for her (unappreciated I might add). I didn't find it especially funny, but the nostalgic sections did appeal and were very well done. Maybe it's a reflection of the author's southern heritage, but did she really have to supply ""Baby Girl"" with a thinly disguised ""mammy""? Would it have hurt the book if her psychiatrist had been tall, thin, Black and beautiful instead of an overweight Black woman who goes way beyond a professional attachment to her patient?",0
verbal diarrhoea,"the content was fascinating and definately worth reading in hard copy form, but the audio c/d was a nightmare. The narrator must have been hiring the recording studio by the minute because he read at a breakneck pace. At first it was acceptable , but soon became difficult to follow then tedious and annoying. The speed of the reading allowed for no digestion or comprehension of points , and soon was down right frustrating. As a consequence the second and third c/d's were almost a waste of time, I doubt if i could force myself to listen to it again, unless there was a way of play back at half speed.",0
My favorite of the trilogy,"After the 97 re-releases, Empire became my fave. of the 3. Loved it! What more can you say.",1
A must see!!,Me and my kids loved this one. It was better than the first one to us. I like the way they brought the boot cat into the scene. We laugh and laugh at that cat. We love everything about the film. If you have a child take the kid to see it.,1
"This movie is a mess, but the ladies make it a bit easier to get through it","When will casting directors learn that Hayden Christensen can't act? I've never seen him turn in a decent performance. The Virgin Territory plays for laughs most of the time, the only problem is, it's not really funny. Tim Roth seemed to be having a good time as the villian, but even he couldn't twist the lazy writing and make it appealing.The only saving grace are some beautiful women that don't seem to be too shy when it comes to showing skin. There isn't even enough of that to make this film worth watching. I've seen plenty of worse flicks, but I can't imagine anyone really liking this one.",0
Fine until it breaks :(,"I purchased this product based on the Cooks Illustrated review and on ratings here, but we have only had it ~6 months and the rivet that keeps the thing together broke apart last week (clearly it should be something stronger than a rivet)! We only use our garlic press once or twice a week, so it really didn't get much use before it broke! We had our old Zyliss way over a decade before it gave up the ghost! I think we only paid ~ $12 for that Zyliss. This was nearly $40! I'm pretty appalled that something so expensive for what it is could be of such shoddy workmanship :( !Someone else referred to the design of this as ""over-engineered"", but I would say that some engineer really blow it when they chose how the thing would be held together - clearly not enough engineering went into that!!!",0
Just what you would expect from Michael Moore,"Michael Moore tells a good story, if you don't mind a liberal fairy tale. Anything Moore puts out needs to be taken with the understanding that he aims his stories for the uninformed masses. The thing that scares him the most is someone who thinks for themselves.",0
"A new holy decree, check it out!","Hey there, Patriarch with another holy decree. Yours truly has seen a lot of hot women wearing these big hoop earrings and that has truly shown him the light. Hoop earrings are the world's sexiest earrings. Now the one inchers are ok, but if you really want to impress you gotta go with the 2"". So as you may have inferred, my latest decree is that all women must now wear big hoop earrings all the time. There I said it. Oh yeah, you can take them off when necessary of course. I just mean as part of your standard dress. Anyway, if you are a women reading this, which you probably are, I will let you get going because you have to buy hoop earrings now. OR, if you already own them you have to go put them on. Ok Patriarch signing off.",1
Nice headphone for the right price.,"These headphones are very comfortable, have great sound, and are pretty good with the noise cancelling feature. I especially like the wrap around feature.",1
Warning - read product details and go for the upgraded model!,"I ordered this as a gift for my daughter, thinking it was like the one I have had for 10 years. I didn't realize that the bowl does not have a handle, plus the low wattage leaves a lot to be desired for mixing basic things like thick cookie dough. With the handled bowl being so expensive as a separate order item, - and you WILL want the handle -it's worth it to just get the 450 watt model with the handled bowl and pouring shield.",0
order cancelled,"this is the second time i have placed an order for this item from shoplet, gotten a cofirmation and then later an email saying the order was cancelled but that i could go back on amazon to reorder. both times the price was much higher when i linked back to amazon than the original posted price when i ordered and which had been confirmed.",0
The Atonement Chapter,"This volume concludes the Atonement chapter as well as the first season, and in my honest opinion the best one of the six. In this chapter the English voice actors/actresses really shined, especially Rena, whose English voice used to be like sharp nails grinding across a chalkboard. You can really feel the emotions in this last chapter that tells that the friend will trust each other and help each other when they're in a dire situation. I wish I could give this item a six-star rating instead. Ni~pah!",1
My favorite KV video!,"This is my fourth and favorite KV video! Both the AM and PM workouts are wonderful! The AM workout is ultra energizing and leaves you feeling refreshed and ready for the day. The reps are tough but Karen really inspires you to keep going and to feel the burn! The PM video is really my favorite. I sit all day at the office and this video has some truly wonderful stretches that leave my aching body feeling relaxed as well as strong! I recommed this video for anyone - probably intermediate level and above - who needs something quick and effective in the morning and something effective yet relaxing in the evening. I also liked the PM yoga moves a lot more than the straight up yoga videos (I don't have enough balance for those). The PM yoga stretches are a nice intro to yoga, so you might also consider this video, if you are thinking about trying yoga.",1
Great pictures but terrible text.,"This book torments my husband and I. We can't help but look at it every week because of the pictures of the developing fetus, but we inevitably start reading the text, which we find irritating due to its condescending oversimplistic tone. The content itself is not great either; each week there is an ailment or problem discussed which is either frightening or not applicable, such as cancer during pregnancy, which I believe is filed under week 30. Is that the week I'm likely to get cancer?I know you can find pictures of growing fetuses online. I would do that, and avoid buying this book.",0
Excellent quality,Excellent quality both in workmanship and sound quality.Recommend to anyone having hearing issues weather it be organic or from being in a noisy environment.Pro. Ease of implementation.,1
best measuring cups ever,"I asked for these for Christmas as soon as I read about them. I love having the different sizes. If you obsess (like I do) about getting the measure exactly right, these are unbeatable. They are obviously best for liquids but work for dry ingredients as well. They're dishwasher safe, but easy to clean by hand. My only gripe is that the ridge on the inside makes them a little trickier to scrape when you have a thick liquid like oil or buttermilk and you want to get all of it down to the last drop. But, since this feature is what makes the cups what they are, it's hard to consider that a fault.",1
HD595 headphones,"Great pair of headphones, excellent sound quality. If planning on using for mobile listening the connector is large and often gets in the way.",1
Dissapointing,While the mountain is a nice centerpiece to a train layout. It is a little impractical since it is hard to layout track going through the middle level that doesnt interfere with track going in the bottom level. Also the middle level uses these little plastic tabs to support the track which have very quickly gotten bent/stretched so that the middle level supports dont work well anymore. This makes track connected to the middle level a little too low and results in trains getting stuck while going through the lower level. I am dissapointed in the quality of this item from learning curve. It needed to be a little taller so that trains could get through the bottom level without getting stuck and they should have had better support tabs for the middle level and you should be able to connect the two large sides together without the middle section. I would recommend looking around for the hill and mountain expansion set instead of this if you want mountains in your layout.,0
Lasted less than a week...,"Not worth it. After only using it less than a week, it burned up. All it was used for was grinding up boiled potatoes and carrots for the baby and then it just quit with a strong burning smell. Would not buy another one.",0
What the heck did they do to Spyro?,"...those people who said it glitches up and is jerky are right. We only played one hour and it froze. And, please, how do you get to the other levels? It makes no sense compared to the other Spyros. If you like Spyro, I suggest you get Spyro 3. (Return of the Dragon?) This clunker belongs in the discount rack. Don't pay top dollar for it. You will be kicking yourself if you do.",0
Html for dummies,This book leaves out the basics of how to use the code. It uses code with no explanation. The explanations add no value. The index is incomplete in most cases. It was very poorly done. I am not a dummy. I was looking for a book that explained how to write html pages and use the language. This book dwells too much on how to write a pretty web page. It leaves out how to use the html code. It has no value for me. Don't buy this book.. You will be sorry and won't learn anything from it.,0
Awful...Makes Cliffhanger look like a Best Picture candidate,"This movie was terrible, and the special effects are about as advanced as 1980 or 1981. The acting, well it was worse than the story or the special effects. This was clearly the real Bill Paxton, and Chris O'Donnell has been lousy in anything I've seen him in. In fact, these guys make Lithgow and Stallone look like Best Supporting Actor and Best Lead Actor candidates for their work in Cliffhanger (and Cliffhanger as Best Picture). On top of all else I didn't like about this movie, it was absurd to think about the rescue team running around at 25,000 feet without even breathing heavy (yet the guys taking it easy waiting for them were wasting away of edema). If you want a mountain movie, go with K-2, or just rent Everest (Imax). At least they're based on real-life (the Imax version IS real-life), and provide a certain amount of inspiration to the viewing experience. Gosh, this one, was BAD!",0
darkest setting hardly browns,"The toaster needs a minumun of 2 toasting cycles. Am I the only one having this problem? When I put it at the darkest setting, the bread/bagel is still white! I'll put up with it because of the price.",0
confusing beginner's book,"The book has very few species, a terrible index, discusses plants it has no photos of, and seems to jump all over. If one of my past college students had given me this book as a report, i'd have given them a C-. Poor organization, repeats itself, constant references to peat filtration, but no advice on the proper way to do it... really a disappointing conglomeration that leaves the user wondering what in the world is the best way to set up a planted aquarium. Don't buy.",0
Post war Europe revisited,Tony Judt's well researched and well written book is an incisive and enlightened read. Detailed and sometimes trenchant analysis of the aftermath of WW II in Europe describes the forces which shaped the politcal and national boundaries of the subsequent Cold War and which continue to haunt the emerging democratic states in the 21st Century.,1
Dunno...,"The recipes in this book are harder, more time consuming, etc... than standard bread making and more so than those in his ""everyday"" book. It has a really, very good buttermilk pancake recipe, but the rest that I've tried turned out difficult and didn't come out very nice. Maybe my fault, and I'm not giving up, but it's certainly not one for the faint of heart.",0
Dissapointed,"Compared to the other prima guides especially comparing the World of Warcraft guides, I was expecting more from this guide. More class details and information about trade skills. The maps that are given in the book are almost useless since the game itself shows you most of the info already by adjusting you are looking for with the in game map.The game itself is great though. Guide isnt worth the money.",0
Acne and wrinkles are better...,"This stuff leaves your face feeling smooth and clean. I have been using it for about 2 months and I can definitely see and feel the difference. I have less acne, fading acne scars and less fine wrinkles. When I ran out I stopped for 2 weeks and noticed I had some outbreaks starting and my skin looked tired. I ordered it right away and viola....fresh clean skin again.",1
Excellent book for a more realistic approach towards savings and retirement.,"In some ways this book is like the other books out there: work hard, save money, let it compound. However, he does preach something that no other book I have read teaches. Most people say you save all your life and then you retire, and that is where they end their story. They focus on all the ways to save up enough money to retire and live off the interest. However, for most people that is impractical, and impossible for some. This book on the other hand gives you a good way to think about how to deal with your money in stages, and realize that retirement is not the end of your investing. Easy read, lots of good info, not too many stats to bog you down. Overall, very glad I read it.",1
its ok. a little thin,"i just got it, its alright, its a bit thin, so i put some padding under it. but hey, its cheap right?",0
Long time...worth the wait,"Third Eye Blind released their third CD today and it is brilliant. This is the first of their three releases that newest member Tony Fredianelli plays/sings on and the quality of 3EB's sound jumps up a notch with his contributions. The songs are true 3EB...original and honest.As a reference, their debut album (1997) is still played daily in my car. It is rare that I play anything else (although their second album, BLUE is mixed in every once in awhile). I get the distinct feeling that the first album will now have some competition for the rotation on my CD player. The music on this latest release does not seem manufactured...It is quality from beginning to end.The limited edition DVD is great too...You get a bit of a behind-the-scenes look at the band as well as a song that is not on the CD.",1
Shiny but hollow,"Undeniably beautiful, the artistry cannot be faulted. These are visually stunning movies with exquisitely (and sometimes grotesquely) rendered images. However, as dazzling as the artwork is, the story leaves much to be desired. At all times purposely obscure, it is more than just a little difficult to follow. What begins as simply bewildering soon becomes annoying, a mindless tease for reasons unknown. What made this even worse was when the story was finally revealed it was so simplistic in nature that a mere sentence could sum it up: making this much ado about absolutely nothing. This is storytelling at its worse; barely above mindless rambling.The story: in a city where demons are forgotten by humans, a battle ensues to teach the humans a lesson and to bring an oppressor to power over all. Yeah, that's pretty much it, good against evil. No surprise who wins.Top marks for looks, zero for being incomprehensible. Won't put myself through another sitting, not a keeper.",0
Black Stone Cherry,Black Stone Cherry's CD is the best album that I have ever bought! Every single song on the CD is awesome! I love it! I clicked on five stars but for some reason it is showing 2...THIS CD IS a 5 all the way!!!,0
Good Filter,Works exactly as promised! Easily screws on and tightens with the twist of your hand. I purchased this with a number of maintenance items from Briggs & Stratton brand and all worked well and performed as advertised.,1
Great book,"I received this book as a gift, and subsequently purchased for a friend. The advice is practical, and the book isn't preachy. My 15mo old routinely uses 10 basic signs (milk, eat, pain, sleep, etc.), and I think our lives are much better for it. Instead of crying or shouting, she can ask for what she wants. I can't compare to other books, because I haven't read any, but sign language has been a very positive thing for our family, and we were successful using the advice in this book.",1
The Seer and the Sword: More like a movie than a book!,"With quick ""scene changes"" within the chapters, The Seer and the Sword reads like a film script rather than a novel. This trait adds much imagination to this book.I, with a forgetful mind, do not usually like novels with a lot of characters to remember the names of. Yet, in The Seer, it added a bit more enjoyment.You could call it a fantasy, but that would be an understatement. With different kingdoms, magic, and huge wars being fought all over the land combines the elements of a fantasy so sweetly it needs a cherry on top.Anybody who neglects to read this book is missing the chance of a lifetime, a bright color in the mind's eye of books.",1
Do Not Buy From This Seller,I bought a macbook from this seller for Christmas and we received the product in time for christmas. At first she liked the computer but after a few month she noticed the computer having problem with freezing when running different programs. We took it into a shop and found out that one of the RAM ports was not functioning and the tech told us that it appeared to not have been working for a while. When I contacted the company they told me that their stuff is only covered for 60 days but they'd love for us to send them the computer so we could pay them even more to fix the problem it came with! What a rip off. The computer isn't a year old and it's already dead and the company's response is pay us more to fix it! Save you money and buy one new or at least from someone else because these guys are complete crooks.,0
Threw it away,"By the time he started talking about how much this guy's prostrate burned when he urinated and about a black girl getting raped, I decided to throw this one away...",0
Bias book about serbian history - from pro albanian independence lobbyist,"Apparently Mr. Malcome did a good job as lobbyist and a rather poor job as historian; i would recommend everyone who read that book or who intends to read it to visit www.kosovo.com; several Serbian academics analysed his remarks about the history of Kosovo presented in his book; their analysis is scientific, precise and revealing; in any case, it shows that Mr. Malcome should stick rather to popular literature than to History; check simply (...)",0
It literally stinks,"This hose is, unfortunately, very smelly. It works OK, though sometimes the lock while pulling out the hose doesn't engage, which can be frustrating. But the smell is very rough. I left it unwound in my shop for 3 months, hoping the smell would dissipate, but it has not. The hose still reeks.I will probably throw it away and buy something else.",0
Not a rehearsal but the real thing!,Saw this made for TV movies for the first time in 1982 and have been waiting ever since for a DVD. Great plot and stars and not really dated. Recommend highly.JBF,1
Wisdom of Teams a valuable reference for all organizations,"A must read for organizations, both business and government wishing to utilize the strength of teams to further performance and accountability.",1
OMG his voice changed!,"I was desperate to add some Fats Waller to my collection of backing tracks, so I didn't do as much research as usual...WHY IS A FEMALE VOICE USED FOR THE SAMPLE TRACKS? One never knows, do one?",0
HORRIBLE UNSAFE INGREDIENTS,"Buyer beware...It contains petroleum, mineral oil, a very cheap filler, SLS which is toxic to the body, and more bad chemicals including Methylparaben. I hope the professionals buying these products will take time to educate themselves and become more AWARE of these toxic and unsafe ingredients. If you don't believe me go look them up. I am a massage therapist and the last thing I would use is this product!",0
Great way to show off the 3D television.,"While I agree that this would serve very well as the intro video prior to an Airbus or Boeing factory tour, the 3D flight scenes are fantastic. There is clearly a blend, seamless, between true IMAX video and CGI. I have issues with parralax and the only time there was a problem was during the intro credits and a few scenes shot of a boardroom with the manufacturing facility reflecting on the glass between the meeting and the camera. I tend to close one eye during these shots since a focus for me is out of the question. The shot of the glider soaring through the mountains sold me, and it's only one of many shots that make the production an experience over just being a 3D gimmick.",1
"The perfect extension cord, IMHO","Forget the name Coleman -- a standard of quality and reliability for decades. Forget the fact that this made of super-rugged, high-capacity 14-gauge wire. Forget that this is a grounded 15-foot extension cord. Wait a second -- I think we've forgotten too much.What I mean to say is, when you put all these factors together -- the safety, toughness, dependability, and convenience of this extension cord, you might think it would cost $50. Wrong. $35? Wrong! It's a steal at only (insert actual price here).Seriously, folk -- you can never have enough high-quality extension cords, so do stock up!",1
"Terrible movie, very dark!","I purchased this movie for my three children over the weekend. Even my 11 year old thought this movie was sad and scary, let alone my 2 other younger children. Avoid at all costs! Wish I could return it!",0
"flippant, nihilistic, turgid, self-important","All of Pynchon's books are hard to read because of his twisted syntax, and this is no different.The story is about uninteresting, uninvolving people.The story seems to exhibit a fair amount of misogyny, since there is a climatic scene where the herione is shown to have undergone a number of horrible body modifications due to her greed and promiscuity. Futhermore, she is shown to be attacked, robbed, and fatally wounded by a group of street urchins while the hero looks on without acting to come to her aid. I found this to be very sickening.The rest of the book is very smug and arrogant too, in my opinion. I've put a lot of effort into trying to read Pynchon over the years, and I feel it has been entirely wasted. I am very bitter about this, I freely admit.",0
Unhelpful Card Order,"I found that this product was way more hassle than it was worth. I am studying Hebrew using BBH and thought these cards would be keyed to that grammer since the author's names are on it. However, best I can tell the cards are placed in word frequency order NOT the order of the vocabulary by chapters. Thus, I have hundreds of cards I have to rifle through and sort by chapter myself. Then in the end there are not cards for every vocabulary word in the grammer itself.Do yourself a favor- save time and money by writing out your own flashcards on notecards or paper. This is NOT WORTH IT!",0
"Please, spare me the reptile.","I am disturbed greatly by this film. Glenn Close is entirely unbelievable as a prisoner of war... more, a bourgeois / socialite / horror. The only thing that made me smile throughout the film was the lesbian subtext of Cate Blanchett and Frances (uber-german stoic) McDormand's relationship.",0
"Good product, easy to use",Good product. Good size. Easy to use. Only complaint so far is batteries only last about 24hrs.-bd,1
Not as useful as I expected,Time and place matter in Medieval Latin. I thought this dictionary would help with words introduced to Classical Latin by the rise of Christianity and with the altered sense of other words but I rarely found what I needed. Googling worked better than this volume.,0
High-minded gobbledegook,"After reading the reviews here, I could not wait to see Rushmore. I tried to place the hype out of my mind while watching. I was thoroughly disappointed. Yes, Jason and Bill acted their parts well. But that isn't saying much considering their roles were those of completely unlikable people. The plot was lame lame lame and without merit. What troubles me even more is the number of people who would rate this film as a ""Classic"". Hogwash. The extras are interesting, but it is difficult to be interested in extras when the film is completely uninteresting to begin with. Rushmore was a dud. Watch it once. But be most entertained by reading the reviews here.",0
These Shoes are made for walking.,"In the Merrill way these are great shoes. As my daughter says, ""Merrills are a hug for the feet."" Even though there are minimal straps they are in the right places and adjustable. These go everywhere! I love them.",1
Bad Product!!!,I couldn't use it for a single day. It totally didn't work from the first day.Never suggest anyone to buy it.,0
Amazing TV!,"This is my first foray into the world of HD, and am I impressed! I have spent the last 1-2 years drooling over the technologies of Plasma vs. LCD, and right up until the end, I was leaning LCD. In the end I chose plasma due to my watching predominantly sports.Most reviews I read raved about the quality of the Panasonics, so I went with them, and I can say without a doubt, it was the right choice. The HD picture is flawless, and I like that there is a custom setting that I can use. Sound quality is also very good for TV speakers. And I definitely recommend using HDMI; if you can't tell the difference in quality from component, you'll at least appreciate having fewer cables to deal with. My only complaint is the usual: screen glare (this is the model without the anti-glare coating); but I knew that going in, so...not a big deal.Overall, I highly recommend this TV. It was a bargain at $999 with quality matching sets costing twice that.",1
"But, really:","OK, so it makes a pint of mixed review ice cream and it's allegedly fun to use, but really, $35 ?????. I don't think so.",0
What a disappointment,"As a big fan of Faye Kellerman I was really looking forward tothis book being published. I bought it the day it came out. I washugely disappointed in it. It wasn't interesting, it wasn't well plotted and I was saddened by her choice to denigrate the Mormon faith. I have really loved reading her Rina Lazarus books and learning about the Jewish faith. I have respected the character of Rina Lazarus and her devotion. So I was quite surprised that Faye Kellerman could show such a lack of respect to another faith. It was also factually incorrect, in one scene she describes a Mormon girl at her first communion wearing a cross necklace. Mormons do not celebrate first communion, and they never use the symbol of the cross. Did she not do her research? How difficult would it have been to find out? It makes me wonder about the rest of her facts. How sad.",0
One of the coolest techno songs ever,"If you are looking for a cool techno/trance song then this is definitely one of them. I didn't care too much for the last two mixes but the rest (especially the second track) are great. The first time I heard this song was in the movie Formula 51 during the club sequence. I spent forever trying to find this song but finally found it here on Amazon. Get this cd if not only to get a good song but to burn music from this disk to make your own trance collection (which I did). Buy this, you won't regret it.Also, I recommend to anyone else who likes this music get The Thrillseekers cd Synathaesia. It has the mix used in Formula 51 as well.",1
Fresh take on a rotten subject.,"Max Brooks has to be considered the ultimate modern-day writer when it comes to zombies. Between 'World War Z' and his 'Zombie Survival Guide' a zombie fan like myself is in flesh-eating heaven. 'Z' is a true masterpiece of the form though, and should be required reading for any horror/zombie fan. The research into geography, history, weapons and language are first-rate in this novel. Mr. Brooks has come up with so many new and terrifying scenarios that would undoubtedly play out in a zombie infestation that he leaves the reader feeling as if this were a work of non-fiction. A perfect piece of literature (zombie or otherwise).",1
Not worth your money,Of the many books I bought on soap making this was the worst. It had no real information in it. It skimmed on all the topics but never really explained how or why. The books written in the early 1900 on soap were more helpful than this one.,0
Worst book I ever read,"I have lived in Savannah for a number of years, and as I read Mr. Porter's book, I could not help but ask if he'd ever been there, or to Georgia for that matter, at all. His geography is atrocious. Does he really think you go south from Darien to get to Savannah? All it takes is to look at a map! He also plagiarizes---basing his characters on other authors' creations, grabbing descriptions of famous entertainment personalities and libertines, etc. straight from the pages of biographies of them. This book is an insult to the city and people of Savannah, to the wonderful book written by Mr. John Berendt, and to anyone who makes the mistake of buying it, or even merely borrowing it from a library! It's a piece of trash!",0
Falls apart and tips over too easily,"This is a terrible toy for a child who is learning to pullup and walk! It is too light in the front, so when they try to pull up using the handle, it tips over on top of them. Also, the two little mail doors are the pop-in-the-hole type, so when my child leans on them trying to look behind them to see where the mail went or pull up on them, they fall off and she ends up falling and busting her head! Also, the three plastic ""mail"" cards are not attached and are always lost. After a week of watching it fall apart and taking care of numerous boo-boo's from her falling so much, I put the toy away for good.",0
great but broken,The product is a great learning tool for infants. It is also fine entertainment for little ones who cannot keep their eyes off it. The only problem is that this DVD came in broken. Since it was purchased as a gift and had to be replace in a timely fashion it became a total loss since returning would have taken too long.,0
movie,good movie. if only all the homeless had a happy ending . but real life isnt so kinda. still very good movie..,1
This Story Is Good For Halloween! Yohannes,"This story is outstanding because it has a lot of interesting details and Lizzie is funny when she calls her brother Booger. My favorite part was at the end of the story, but I'm not telling you what happens! The main characters in the story are Lizzie and Booger and Brian or ""Mr. Electricity"". The problem in this story is that Lizzie won't take Booger trick -or- treating with her. Lizzie really wants to go trick-or-treating with her friends, but her parents say she has to take Booger, or she can't go at all. The story is great, I think you should buy it!",1
Worth every penny!,"I get so much more use out of my Zen:Vision M player now because I can just plug it in to my television and play my music or the movies that I have loaded on it. The picture generated from the AVI files is very good; indistinguishable from a dvd on a standard television. I haven't tried it on an HD tv yet, but I suspect that it would not be as good. Nevertheless, it's great if you want to bring a library of movies/tv shows with you without the hassle of keeping up with them. I highly recommend this purchase. You won't regret it!",1
Another broken adapter,"I had this adapter for about a year before it broke on me. Its a shame, because it was so small and easily packable..",0
Winkler was the good part,"If you must watch this film, watch it for Winkler, who gives an interesting preview of his future role in ""Arrested Development"". Watching this movie for ""Prinz"" and ""Stiles"" is counterproductive. Not only have the actors ""failed to make the best"" of the script, the script was written from the viewpoint of the super-rich Hollywood elite who live lives with zero financial consequences. Thus, we watch as young adults walk out on culinary school, muse about becoming ""singer-songwriters"", and ""stop paying attention"" to their college plans. Much like the ""Friends"" genre that this movie shamelessly imitates, this is a ""time porn"" piece, where the characters have little else to do besides ""mature romantically"" and ""find themselves"". A movie for history's circular file.",0
ITS GREAT BUT NOT MUCH GORE!,"I dont see why so many people are putting this movie down. I guess it is because they were expecting more gore then was actually in the movie, and that may be because the critics and previews made it seem that way. Dont get me wrong, this movie does have its bloody parts, but its not that bad and its not nonstop violence. Now for the positives i would definatly say this is very original plot and you'll never guess who the killer actually is at the very end. The story is very good and there's lots of suspense(i dont know how you could fall asleep watching it because it at least has a good story, even if it's not that gory). It is quite entertaining and demented, and James Wan(the director)did a good job on his first movie. See it and watch it with an open mind and dont put it down because its not that gory, because i've seen pleanty of gory movies that suck and thats because it didn't have a good plot(example:Candyman)Thank you and enjoy the movie!",1
NOT the STUDENT EDITION!!!,"Even after searching through Google for the student edition, as well as on Amazon, this is the first option that pops up and even says Student Edition in the product description- very misleading!!",0
Warm towels anyone?,Found that the rack does just what the info said it would do.We have had no problems- we turn it on and off when we plan to use it.,1
Only for the Looks,"I bought this product to play on Rock Band 3. Now, I'm not a real drummer, so I don't use this for my full potential. However, after about 30 minutes of playing on Expert, one of the legs bent and I fell over. I attempted to force the bent leg into place, and continued playing. After about 15 minutes of playing, it bent again. This is not a quality product.",0
Lots of Web-specific Detail for the Advanced Programmer,">>Layout: good and easy to follow >>Content Relavence: I found the material to be very well put together and relavent to the topic of web related database design >>Examples: While not as detailed as a beginner would have liked, the examples were sufficient enough for an intermediate to advanced programmer to follow (hence the book's ""Accomplished to Expert"" User Level rating. >>Accompanying CD-ROM: Good examples with lots of source to see just how it's done.. This went a long way in assisting me in understanding other (larger) databases in Perl and Rexx. >>Price/Value: A bit pricey (but then again every technical book in Canada is). I found it close to the worth the money that I paid!",1
Very much like Edgar Rice Burroughs,"If you enjoyed the John Carter of Mars series, I think you'll enjoy this colletion of books. It's a bit darker than ERB as I remember them, but very much in the same genre.",0
Awesome,I LOVE this pan! I have five children and cook often. Stews and soups..it is great. It is heavy..but isn't that what a dutch oven should be? I love the color. It washes up beautifully..no staining. A great alternative to the more expensive brands. I recommend it!,1
there is nothing deluxe about this shaver,"I saw this at the drugstore for only $10 and thought I would give it a try. When I opened the the bulky plastic carrying case which is included with the item, the glass mirror which is attached to it fell off. Luckily it did not break. A cheap glue had been used to secure it. It included a personal groomer for ear and nose hair with an additional attachment for shaving other body hairs. But the personal groomer is so cheaply made that it cuts off if you move it quickly, and it barely cuts. The shaver itself is advertised as a ""pleasure of a gentle shave that leaves your skin amazingly smooth and soft to touch"". But you can run this thing all over your face all day and you will still have a five o'clock shadow. After using it a couple of times (why I tried it a second time I do not know), it is very apparent that this is, as another reviewer put it, a ""hunk of junk"". Paying ten cents for this item would be too much.",0
For the die hard science lover,"Great to learn more about pioneers of science, but really tough reading. Great bedtime reading unless ones interest lies with some of the scientists.",0
saludos,"La camisa es 100% original y demaciado comoda la recomiendo a los hombres de buen gusto, llego en el tiempo estimado",1
Descriptive & poetic but boring and not kid friendly,"I'm going to have to agree with the person who said they don't understand why this book got a Newberry award. I get that it's poetic. Every sentence is loaded with poetic adjectives, but as far as the story goes I'm not really following it. Half the book is in italics, and it's Dullsville. I don't think kids would enjoy this book. It's more of a Kidlit book for adults.",0
Great product,"To answer a few questions...It's a 6"" utility knife, a 3 qt. pot, and the book is called ""The Cooking Club Cookbook."" I think these products are great, this set sells for [$$$] at other stores and would be worth every penny. I've owned it for a month now and it is the best pot and knife I've ever owned. Be aware that there are at least two different versions of this set available, the other contains an 8"" square tray instead of the knife, and an additional utensil.",1
Delta Mortising Manchie 14-651,"I purchased this through Amazon and it came well packed and undamaged, unlike some other reviews I read. Perhaps they changed the packing system. Assembly wasn't too bad however putting the piston on was rather awkward as you have to compress it a little to make it fit. Fence was square to the table which is a must with one of these. I cut 16 3/8"" mortises into Oak with relative ease as the large handle gives you plenty of leverage. So far I'm pleased with the tool and like it's rugged construction and large Cast iron table.",1
real cranberries,"I just can say i love this album for the simple reason it is the first one and never equaled in sound, elegance, quality, essence, delicate sadness and youth. It is incomparable and it deserves to be listen by good and pacient tastes in post XX century pop music.I do recomended.(...)",1
THIS IS A GREAT WORKOUT,"This is a very old workout, but it still works better than the more popular ones today. I don't admire Jane, but I do like this workout.",1
For beginers,If you're just getting started and you don't have a lot of money then this is a good strap to start with. It doesn't cost a lot cause it's nothing special. Just something to get you by and it will do a good job at that.,1
Hideously boring,"This may be an interesting historical story, but, it needs to be condensed to about 20 min. No dramatic tension, pacing that would make Russian directors happy. Basically, a very long high school history class movie that, while perhaps historically acurate, makes you long for the buzzer.",0
A good read from Bob,An interesting take on life from the mind of Mr. Newhart. He has a dry comedic mind that I wish more people would had. By George he wrote a history of his own life through his eyes. A funny bookfrom a funny man in a funny world..,1
Is anyone else tired of Eminem?,I dont know what this guys deal is but every year he gets worse and worse. What is he rapping about? What is he rebelling against? Why is always angry? Whatever it is hes almost got me convinced that platinum selling rich white boys have it rough. But now Eminem has a whole new crew full of guys that dont really do anything but try to look thugged out in his videos. Hopefully Eminem can drop his own White Album and stay out of the game just like Jay-z for the rest of his life and make the hip hop world happier.,0
This Album Sucks,"Listen people, don't buy this album. This album is garbage. This album is less than nothing. The maximum amount of starts I would give it would be -5. But the lowest is a 1 of course. Fifty is garbage and this album should have never been released. The dumbest thing he could do is kick the Game out of G-Unit. Please people, DO NOT, I REPEAT, DO NOT BUY THIS ALBUM!!! Save your money and go buy Untold Story or The Documentary from the Game. Once again, THIS ALBUM IS GARBAGE, YOU SUCK FIFTY!!!!!!!!!!!",0
"Semi-watchable, but no triumph","I have to agree fully with Alexiel's fine review of this film; there's no point in repeating what's been said so eloquently already. It's worth finding and reading. I will add, however, that after seeing this as well as her earlier stuff,it's beyond painfully obvious that Breillat has an agenda and it doesn't include liking men. Her female character's sweeping statements about all men in general are insulting and unintelligent, and having a gay man speak for all men about how they view women is naturally, a bit skewed from the git-go. The sex isn't erotic in the least, and the shock value is so obviously there to shock, it just ends up as cinematic sludge.This is simply not an artistic film, but a dry and fairly pointless one. The ending in particular borders on inane.",0
NO...This Isn't Great At All!,"The Cheetah Girls are...ok. I love the movies, and the first and second soundtracks to their movies are really good.But, with their studio debut album, TCG, the spark isn't their. The only songs on the album that are good, are ""All In Me,"" and ""Homesick.""I'm glad Raven left the group, because he 2008 self-titled album was way better than this album.Also, I could really care regardless whether people disagree with me.",0
Monster Dogs tries so hard but accomplishes so little,"Like a movie whose trailer is much more satisfying than the actual film, Monster Dogs entices with the superb cover art and interesting premise but leaves the reader disappointed. In a futile attempt at providing enlightening commentary on such aspects of the human condition as celebrity, belonging, and friendship, Monster Dogs ultimately can't get out of its own way. In her efforts to be profound the author ignores any attempt at telling an interesting story. One example is the scattering of dream sequences throughout the story which serve only to be cryptic abstract excursions that reveal nothing of value or interset about the narrator. In the beginning, Monster Dogs promising to be a fun and enjoyable read, but in the end fails miserably to deliver.",0
"A Wonderful, Suspenseful Mystery Worth Reading!!!",Out of all of Duncan's books this is my favorite. I was home sick one day and I could not put this book down. The thrill and suspense in the novel was phenomonal. I recommend this book to anyone and everyone!,1
A triumph of the imagination,"Francois Schuiten is one of the most accomplished artists working in the field.This handsome trade paperback reunites three graphic novels that comprise the Hollow Grounds cycle.Worth mention is the excellent arguments by his brother Luc.CARAPACES - Actually a collection of six stories that displays Schuiten's versatility, experimenting with a series of techniques.ZARA - Zara is a vertical planet inhabited entirely by woman that never experimented ""conventional"" sex with men.After the arrivalof invaders with ""vines"" below their waists, things take a bizarre and often amusing turn.Zara is a marvelous blend of satire, adventure and science fiction that should appeal for fans of trippy european comics.NOGEGON - Another baroque, amazing and wild adventure.This time a character from Zara goes in search of a missing friend andbecomes embroiled in a plot involving symmetry and murder.",1
I would give it 10 STARS if I could...,"My only critism of this CD, is that it did not include the original version of 'Go away'. Then again, maybe that one should have been include on the 12"" CD release. The recording quality is second to none. They used the original cover of the first released vynil, so none of the bonus tracks are on the back cover track listings. This is made up by the pull out bilingual sleeve and includes lyrics too! These songs are just as fresh today as they were in 1985. A testiment to the timelessness of the quality of Rose McDowall and Jill Bryson's superb musical skill and insights. Most would catagorize this ""PopGothic"", but it is more than just an inane label. It's ART and it sould be comtemplated and pondered upon as such. My favorite tracks? All of them and the album should be listened to as one set piece and judged as such.",1
Put a Quarter in the Juke and Boogy 'till You Puke,"I read the first section of ""Hannibal."" All I can say is, WOW! I came away envious of Harris' writing ability. . .It's not diminished one bit since ""Silence.""I saw the movie version of ""Silence,"" then read the book. The book was better, which is saying a lot since the movie blew my mind.I hope Hopkins and Foster reunite to do this movie. Sir Anthony Hopkins has said that he's retiring from acting, though. We'll see.",1
Supplement facts have changed,"I first bought this Krill oil based on 1.5 mg of Astaxanthin contained in the softgel. I bought this about 7 months ago and was pleased. I re-ordered, what I thought was the same product only to find out that this very important ingredient was reduced to .480 mg. I wish that I had known about this change prior to my purchase. I contacted the distributor and all they could do was apologize.",0
we must feel bad that this was our Poet Laureate,"Pinsky is in love with being a poet, but his poems don't mean anything to the rest of us. This book is a perfect example of this. We are supposed to admire him, not read him, and I find it a shame that this lousy work got him a Luareateship.",0
This book put Holistic Women's Health Care on the map!,"As a holistic OB/GYN medical doctor, I have found Dr. Northrup's excellent and unique book very useful professionally, and often recommend it to my patients. It can help women heal deeply, not just mask symptoms. Her newsletter, Health Wisdom for Women, is also very practical and useful, although unfortunately it has been corrupted at times by monetary and commercial interest. The new edition of the classic Women's Bodies, Women's Wisdom, as well as her many tapes, are highly recommended to any woman interested in taking charge of her own health.",1
worse of all,This shaver is the worse one yet for me to try on my legs.. Leaves me cuts and rashes even when i try and shave slow and steady.. But thats what u get when its you buy something cheap,0
Where are the brownies?,"I must admit that this is the only time I can say I am disappointed with Amazon. I ordered this item for Christmas, it is now the 24th and has not yet arrived despite being told it was shipped awhile ago. It looks like a great product, my 18 year old son wanted it. Something fun for when friends are over. Hope it arrives some day so we can see",0
Dated and linear,Dated and linear but with a good McGuffin. I had to finish it but after it went straight in the bin. I couldn't think of anyone else who might want to read it,0
Powerful helpf for children and adults,"This little book explains a very important issue for children and adults-you are allowed to have feelings. It shows a charmingly drawn little guy who progressively covered up more and more of his feelings when they became inconvenient for his parents and others. But, one day he made a friend who told him ""I'm not really like you...My tough and anger are only patches to hide my fear and lonely."" Very powerful.",1
"Perfect for Middle School Math & ""Read Across America""","As a teacher, I've used this book for several years as a ""read-aloud"" in my sixth grade math classroom. I time it with my geometry units. It's a hit every time. The kids truly love it, and ask great follow-up questions. The book explains the math involved in finding the circumference of the earth 2000 years ago. The language and great illustrations make the math easy to understand. Since the students also read mythology in reading class, it's a perfect cross-curricululm connection. In the past two years, I've timed it to coincide with the ""Read Across America"" movement on March 2.",1
They do the job,"I was trying out different breastpads, this among them. It came with a trial pair of the nighttime pads, they're thicker and worked great. The daytime version works very well, they're soft and cushy with a nice contour. They'd be perfect if there was a second sticky pad. As they are, they travel all over my bra or nursing tank and get flipped down when I go to nurse. It's a trial to get it back in place when I'm trying to 'zip up' after nursing, with a curious 4 month old looking and squirming around I'm fumbling with a bunched up nursing pad. In a pinch I'd definitely pick up a package but my primary will be lansinoh's disposables.",1
Not exactly one of her best,"I was disappointed with the maturity level of Henrietta. Granted she was 16, but she was a spoiled little girl from the beginning to the end. The moral of the story shouldn't be ""it's alright to do things for people as long as you believe it's right."" Henrietta demonstrated a distinct selffishness that disappointed me in the end.",0
pleased,"Was delighted with construction of Spindle Rocking Chair. Solid and a beautiful finish. The seat is alittle slim and the back a bit straight, but my 2 and 3 year old grandchildren do not seem to mind. Was a great choice and dad had no problems puting it together. All the pieces and tools were included.",1
Mystery Walk rocks!,"This is a marvelous book. I was hooked within the first few pages of the book. I couldn't put it down until I reached the end. It's a wild roller-coaster ride of emotions. I found it to be one of those books that when I finished reading it, I still wanted to read more about the characters and continue the adventure of the Mystery Walk. Robert McCammon's writing and storytelling are amazing. You can read his work and never have to realize that you are reading. You can just totally lose yourself in the fiction. I also very much enjoyed Robert McCammon's Swan Song and Boy's Life and I will surely be reading more of his work.",1
no sap love story: a shocker.,"some books/flics deserve our stars because they offer glimpses--a brief moment of participation-- in an ""other"" way of living in this world. i read the scribblings of Charles Bukowski for this very reason.Butterfly Kiss is a serious movie about love. at times frightening, it is a tally of sordid plot, extremely believable characters, and offers a serious chance to view a relationship and things most folks would never care to experience in person. both powerful and disturbing, but very well done. At the close of the movie i remember wanting to see Butterfly Kiss again, tho at the same time unsure that my spirit could handle/endure a",1
No description?????,"I have wasted money and time by purchasing pre-order items in the past. If you really want to see the very few interviews Michael Jackson agreed to doing (Oprah, Walters & Bashir) simply log onto You Tube. You'll save your money and it's not a waste of time.",0
Sleeping Stranger,This is one of the best books I have read in years. I was hooked from the first page. It is obvious that Mary Blue did her research not only into the many pantheons of mythology but also into the subtle nuances of the dieties. She played upon them brilliantly. When one reads the acknowledgements it becomes clear that the suffering endured by the heroine Hope has been Ms. Blue's suffering as well. The adventures are authentic and fun. I've never been to Sturgis but I can really imagine what it must be like. The book begins in another realm but comes to earth and covers the country from east to west with gorgeous detail all the way. The characters are people I am sure I know! Her artistry at exposing the fractured mundane aspects of the seemingly deified and then shining a light on the divinty in all of us is touching. I hope she is planning a sequel.,1
Excellent excellent book,"I have enjoyed this book enormously throughout. While there are a fairly large number of radar books available, this is the first that I have read that lays out the signal processing aspects of radar in such a coherent, pedagogically sound, and self-contained way, generally from first principles. For example, the exposition of slow and fast time processing throughout the book was very illuminating, as was the connection drawn between the Neyman-Pearson receiver and the matched filter. The only other text I have seen that combines such clarity of vision, readability, and rigor is the book by Peebles, which unfortunately has little material on digital radar signal processing.",1
Love this video!,"Really fun and energizing! I love doing this. Love the exercises, especially the floor work. I've been doing this ~2x a week from weeks 13 to 25 and think it has really contributed to me feeling great!",1
Addictive Rock - Incredible Band,"I was picking up U2's new one in Virgin and I found the Upwelling album next to ""Veritgo"". I gave them a whirl on the sound station and the sound just grabbed me. It didn't cost much and about the 7th time through this EP - I was addicted. It's melodic, explosive rock, makes me think of an alternative Peter Gabriel hanging out with Pink Floyd with a twist of U2 edge. The vocals are a little in background and it took me a few more listens to catch all the words but everything just blends together so smoothly!This is an exciting band, I actually caught them live and they rocked the house. It will be interesting to see what their next release will be like as they had a number crowd pumping songs. It's great to catch a young band with so much talent right before they explode into the mainstream.",1
Not Knots for beginners,"This book has some examples of macrame jewelry with beads and small cord. The illustrations are poorly drawn. The directions are not clear. The book would be better for more experienced macrame enthusiasts or people who know the knots. It would work well for persons giving a class in macrame, but it is not for the beginner.I tried the simple plant hanger, but the instructions about the ""wrap"" were vague. The illustrations were not clear. There were no reccomended distances between knots to get any particutlar result.",0
"good product, 1 fault","I purchased this for my Toyota FJ Cruiser. It was super easy to change the combo, and install.The only down side i have with it, is that its not flush with my hitch. there is about a 3/4 inch gap between my hitch and the back of the drawer. BUT that might just be a Toyota thing, if the pin-holes on my hitch were back further there would be NO problem.It hasn't rained enough to see how it does to keep the water out.I'm keeping my key in a plastic bag, just for extra coverage.I like it so far.",1
Very Good,"A page-turner that invokes history, which I love, like Craig Furrnas' novel THE SHAPE, and such books, so if you're inclined toward thrillers with some ""throw back"" plotting, you'll love THE DA VINCI CODE.",1
"It is a classic epic, a complete story from beginning to end","Costner has created a real hero. As with many real life heroes, this one is created mostly by accident. The Postman begins as a humble traveling storyteller and ends up being the story. The common people are looking for someone (as we always are) to lead them out from the post war chaos. While the antagonist wants to impose a dictatorship on the people, the Postman becomes, by accident, their hope to restore the United States of America. In the end, it is the people who make the Postman a hero, and in that one critical moment, he answers the call. It is a truism that our heroes are usually not all the bad things they did but their glorious moment in the sun.",1
The bond between mother & child truly captured,"While this film is dated now, in black & white with quite loud & slapped-on background music, the essence of the story of a mother separated from her small child during the 2nd world war, then the journey that their search for each other takes them through, is absolutely captivating. The performances of the actors are quite stilted excpet for the small boy who is natural & believable. His is simply brilliant. Definitely a film I could watch more than once.",1
Junk,This broke before I had even finished installing it. It will not last (didn't even last five minutes with me). You're much better off with a more expensive alternative.,0
Its a good game,"Well 1st off I expected it to have more levels. In frontline it had 19 levels. In rising sun it only has 10 levels. Though they are levels are longer, rising sun is not worth $50. I would say more like $40. I would strongly recommend renting it 1st",1
Ordered Two!,"This is the best wine opener on the market! I have one already and have used it for over a year. It is easy to use, is portable, and the parts last. I spent alot of money on other openers, only to have them break or fall apart after minimal use. I ordered two more Oster Electric Wine Openers for gifts to friends that wanted to know where to get one like mine.",1
Super cute,This item arrived on time and as expected.It is super plush and perfect for little girl play. Better price than department store.,1
wasted portrayal,"I was staying up late one night and happend to catch this movie late on the T.V.It starded off great, and looked like it was going to be really good. Then about 15 minutes(or somewere around that) the movie took a downward spiral toward being a cheap, and not as ambitious as it looked like it was going to be.First of all the acting was bad, and a movie like this one proves how important good acting is to a very much talked about subject matter like this one.2nd of all the movie is not that realistic. I realize the things that Ed Gein really did were far out, but this film just lacks an imortant realisitic aspect to it. For example. In one sceen Ed Gein shoots a female baretender, then while she is still alive, Ed drags her accross the floor and puts her into his truck, and takes her home. She kinda acts angery at Ed rather than fighting for her life.Bottom Line: If your want to no more about the subject, look elase where. If you must see it. Rent it. Don't spend to much on it.",0
Tasty!,"I liked this bar. It had a good balance of flavor and wasn't overly sweet. I would have preferred that there was a bit more protein in it, but it works as a ""snack"" bar.",1
This book helps if you've some experience.,"If you've built your own PCs at home and have a couple of years of experience using Windows, this book is enough to help you pass the A+.The Hardware part is great and very detailed.The OS part is adequate but doesn't really hit the marks on the exam. I had to rely on my pc experience to pass the OS exam.Overall, any person with a decent amount of PC knowledge will pass the A+ exams with no problem using only this book.",1
Burn Notice / Season 2,"Season 2 Better than Season 1, Funny,Fast good story lines looking farward to season 3 and more",1
beautiful,she was beautiful. this is a fascinating collection of her songs and unique voice. buy it.,1
"Five stars, not two.","I wrote a review a while back stating that this album bored me, etc. Shame shame shame. After listening to it more over time, I realized that in order for this album to be properly enjoyed, it has to be listened to in the right context. By that, I mean it's best enjoyed on a lazy, sunny afternoon or evening, when you're feeling chill and haven't a care in the world. By that merit, I love this album, but it really takes a lot of getting used to, more so than any other album I've owned. That is probably because this is easily the most unique album I've owned. Five stars for this album, Amazon wouldn't let me change my rating!",0
smears everywhere,"Be careful with these, because the ink will NOT stay on! It smears very easily, and is definitely NOT waterproof! It washes off right away. I even tried coating it with water-resistant spray, and it still didn't work. Such a disappointment.",0
Tripe,"Lazy, childish, a complete waste of my time. While it's easy to say Althalus is not as good as Belgarian etc, Eddings has almost lost me as a fan - The next book will have to deliver the goods. Enough of the cute/naughty/pouting Gods and kiddy humour. If I hear 'yes dear' or 'yes pet' one more time I'll scream. Stay away from this book. Rubbish, how could his editors let this one through?",0
Wasting your $$$$,"I thought this book would do as it title suggests......didn't happen...still tears....no pictures to ""show"" you, it's like reading a really boring book. And the ""stories"" are to help you knit sweaters.........which still didn't help. I have only been knitting for a couple of years, but thought this book would give me some helpful advise. I would reccommend (one of my most favorite books) ""Teach yourself Visually Knitting"" by Sharon Turner...lots of pictures with easy to understand intructions..",0
Major Disappointment,"I've been a ""connoisseur"" of dark-chocolate-dipped apricots for years and this is the first time I've ordered them from Amazon.This brand, Old Naples, was a real disappointment.The apricots have an artificial flavor, a strong aftertaste, and a stale, jelly-like texture. It was not at all the melt-in-your mouth, sticky-sweetness that I have experienced from other brands.The chocolate layer is thin but more importantly, it's cheap chocolate. It's a waxy, flavorless, too-sweet chocolate that barely even looks like dark rather than milk chocolate.On the positive side, each one was individually sealed in cellophane so they weren't as messy as I expected, and the simple gold box was attractive.I would not order these again.",0
don't buy,"BEWARE~~~~My Western Digital ""My Book"" started randomly shutting itself down. Emails to the Western Digital ""technical support"" have gone unanswered, and you can't call them to ask a question unless you sign up for the $14 a year ""service plan"".I'm switching to another brand hard drive. hopefully I can transfer all the information off this defective drive before it crashes for good.",0
Man this takes me back,"After 7's debut disc was released at time when almost every R&B record released was A-1.Two-thirds of the trio are the brothers of producer Kenneth ""Babyface"" Edmonds, and the other third is the cousin of Antonio ""L.A."" Reid; the two produced the majority of the album, which features three smash hits and a host of other likable tracks. The singles released were Heat Of The Moment, Can't Stop and Ready Or Not. Can't Stop & Heat Of The Moment were both up-tempo dance numbers while Ready Or Not is one of the best slow jams released in 1989. However the one song to me that makes the CD a classic is ""One Night,"" an urban adult contemporary composition that was never released; it showcases Melvin and Kevon in an impressive vocal exchange over a mid-tempo rhythm.",1
"Silly, Obnoxious Cartoon","This cartoon is one of my worst enemies. Honestly it is. The dialogue and animation is so bad, it is sickening. To say nothing of the obnoxiousness. Stay away from this TERRIBLE cartoon, because it is not worth your while.",0
If you have Vista this product is worthless,Amazon.com and Texas Instruments fail to inform the consumer that the connectivity kit fot any of their TI calculators are not compatible with Windows Vista.Thanks for nothing.,0
Hmmm...,"I guess I'll be the dark horse among all of these five-star reviews. I hate to even take the time, however I wanted to try to forwarn anyone else purchasing this (as I did) based on the reviews alone -- and the radio song Babylon. Or maybe simply I just don't get it. I honestly still want to like this CD, but my sheer frustration with it always wins over as it is removed from my player after only 5-6 songs. Or maybe I'll have to give the second 1/2 an honest listen before carrying forth with my plans to exchange it. Track after track, it just all sounds the same. Simply, listening to it just brings me down - and angry at myself for once again buying an entire CD for one song.",0
Excellent academic work,This work is an excellent study of the first African-American governor in the United States. Professor Jeffries does a competent job of explaining the pieces of the puzzle that needed to fall into place in order for Douglas Wilder to be elected governor of Virginia. He then goes on to discuss the policies of the Wilder administration. This discussion is very thorough and well-researched. I highly recommend this book for anyone interested in the field of political science.,1
so educational and yet fun,the crusin world game is so fun because you get 2 c different places while your still sitting on the floor playing a video game.u get 2 c places and like monuments and the kind of terrean they have in that country or city or continent.i think it is better than the other crusisn usa because it has many different choices of cars. and you can choose the place you want to play in.,1
Battery Never Charges,"I have a BS in Electrical Engineering, and I can't get the things to charge, either. I am very disappointed with this product. I was unable to take even a single photograph on my Pentax PZ-70 camera using the Juice rechargeable battery, even after charging the battery for more than two days.",0
Excellent Starter Digital SLR Kit,"Nikon has put together this excellent kit especially for those who want to move up from the Point & Shoot digital to a reliable and easy to use SLR. The Nikon D40 is a basic model that provides quick shooting qualities using a standard short zoom auto focusing lenses. You'll automatically get great outdoor pictures and in-home short range pictures using the pop up flash. Unfortunately, you'll need a higher power attached flash to capture indoor pictures out beyond fifteen feet that the zoom lense will pull in. Learning the manual options will take a little time and effort and some knowledge of ISO ranges and lighting techniques are required. But for us amateurs the auto setting will do 9 times out of 10. The other draw back for us amateurs is that the Nikon D40 is limited to AF-S (self auto focus) lenses unless you want to manually focus each shot every time. Bottom line is this is an excellent buy for the money spent.",1
Another Great Album,"I bought this cd at their concert in Pomona. They are an awesome live band and this new cd reflects how great they really are musically. I don't think it's quite as good as ""Full Circle"", but then it's hard to top the best album ever. They haven't strayed from their roots like so many punk bands today. Thanks for another great album!!!",1
very depressing....,"This book was my book club's selection for the month. It was one month I wished I would have skipped. Where the book is well-written, the story itself is very sad. There is a saying....""don't judge a book by its cover""...The cover is very misleading. The lives of the elderly women are far from quaint lunches and a wild joy ride. For someone with an elderly relative with declining health and who knows the toll that it has on caregivers, this was too much realism.",0
you wouldn't want to use this,"The cards go into a very tight compartment, and must be pushed in. My cards are standard size.The cards come out in poor condition. The edge on my cards look like a scissors tried to trim them.I found this (see link below) at Staples, although it's sold here at Amazon, I didn't see this on my original search - perhaps I filtered only for Amazon Prime eligible:This is much better for my purposes - thicker - but the cards come out fine.http://www.amazon.com/Rolodex-76657-Profile-Personal-Card/dp/B001PMG8MQ",0
very valuable information,"This is my work background:1) I've spent almost 10 years as a counselor in a psychiatric setting.2) For over a year, I was as a counselor for a Domestic Violence Shelter.3) Currently, I'm in Law Enforcement.I thought that this book would have nothing to offer me; I was wrong. Becker has written an easy to read, fascinating, all too important book that could potentially save your life.I have recommended this book to court service personel, who work exclusively with victims of violent crime. I have personally proffered the information, contained within this book, to numerous victims - especially, those people who are being stalked."" The Gift of Fear"" is invaluable.It's worth your time. Quite literally, this book could save your life.I'm not exagerating.",1
Great clips,Terrific for adding a special touch to letters! There's something for everyone. A little slow to print on my outdated system though.,1
Not As Bad As Alot Complain It To Be,"While most people agree that Fight For The Rock is NOT Savatage's most well recieved album and is only for die-hard fans, I myself am not a die-hard fan but do like their music as well as this album. Fight For The Rock DOES have some great moments with song's such as Fight For The Rock, their version of the Badfinger Classic Day After Day, as well as Free's Wishing Well, Hyde and She's Only Rock 'N Roll. I remember buying this on Cassette (way way) back in 1986 at the ripe 'ol age of 19 (now 39). Ahhh those were the day's.",1
excellent car mag,"The big 4 car mags are all about the same. That being said, I love them all. This one is no exception. Great pictures, great articles, and reasonable reviews.",1
One of the best documentaries you will ever see !,You may see thousants of documnetaries but this the one that you will say yes. I promise you an amazing time !!,1
Just a great little gadget,"I think this is a fine product. Although the instructions are a bit complex for my liking, I was able to download music and make it work great within 30 minutes. I would prefer the buttons to be recessed and the interface a bit easier to migrate from menu option to menu option, but I would buy another unit like this in a flash. The sound is great (get larger earphones) and the AA battery was a good decision on my part and on the design.",1
British ZomCom? Yes PLEASE!,"Knocking a star off for DVD features ONLY (lack of playable extras due to region encoding as others have mentioned); the movie itself is hilarious, a perfect blend of Shaun of the Dead and The Hangover (heavier on the former than the later, obviously). Interesting creatures and zombie ""rules"" for this one; the highest praise I can give it is that I watched this streaming first, and it was so good I had to have a copy myself.",1
officejet 5610,"i love this item, but the first one i bought did not work, so i sent it back and in 2 days i got the same product that works great. thank you. i love the fact that i can print,copy,scan and fax all in one. thank you so much, dave",0
Interesting and overlooked film.,"More than likely if you have seen this film you are a fan of Hitchcock. I doubt this film is seen by the more casual film viewer. While by no means Hitchcocks greatest film it is a very good one. The light humor and budding relationships between Forsythe & Maclaine and Gwynn & Natwick work well in this murder mystery. The scenery is beautiful. I agree with one of the previous viewers, the theatrical trailer is cheesy. I guess the producers of this DVD could not locate the orginal 1955 trailer. The scenery in this film is, also as stated by others, beautiful. This film should be viewed by any Hitchcock or mystery fan.",1
I laughed out loud!!,"I think to totally enjoy this movie, you need to be 60 or close to it!! It has so much of life little problems that crop up when you suddenly realize you are turning 60!.... and it is good to laugh at life and yourself. My husband and I totally enjoyed it.... and .... That's Life!!",1
VERY VERY FUNNY,"this man is so talented. not only can he write the funniest songs ever heard. he can also sing and play equally great. he writes the craziest songs. If you do not think this is funny u cant have a sense of humor. its just not possible to not pee your pants listening to this. best songs are hermaphrodite, hair, bitch, oh f*ck it...theyre all great. if you wanna laugh your @$$ off. then buy this album, you wont regret it.",1
Old Product,"Purchased these Lifetmaster remotes and found out they were from 2004, where the new ones you can push two remotes together and they will program the other Lifetmaster to be exactly like the other ones but when the garage company came out he said oh where did you find these old things and even though we still used them I was disappointed to find out they were old technology and have come much farther with this product and had to pay for a longer hourly rate to have it programed due to them being old :(",0
Misleading photo,"It's a good size and hefty material, but it does not have the gold plated look of the photo. It's a dull plastic color and looks very fake. You get what you pay for.",0
Touch for health - new edition,It is a very complete edition compared to the last ones which i felt were sub standard. The only thing i would have found useful were - if the colour of the tabs represented the colours of the 5 elements. its a small detail perhaps but important to a practitioner. otherwise excellently laid out.,1
"Led Zeppelin, it's better than sex","magic, no band will ever come close to the long guitar solos by jimmy page, of the gut busting bass solos by none other than John Paul Jones. i mean if you don't like them you can go to mexico or something. rid us of your stupidness. all in all, zeppelin kicks ass, end of story.",1
This isn't the best remake.,"Nothing beats an original. This is one of the worst remakes i've seen. The actors are horrible. The only thing cool are the death and how detailed it gets in. But anyways, its a lame remake.Nothing does beat an original.""Just keep telling yourslef Its Only A Movie."". I kinda wish it wasnt",0
Has to be one of the most highly overrated authors EVER!,"I just couldn't see the point of this book. The prose is turgid and overwrought. Dunnett seems to think that throwing around meaningless similies (so many I started counting them per page) and quotes in foreign languages counts for style. I read ""Queen's Play"" because someone gave it to me and found it was just as horrific.",0
"Variety for your kids, fun recipes for you","What I love about this book is the array of foods the author uses. I love Anabel Karmel's cookbooks, but she suggests making the same boring foods for our kids. Baby Bistro is fun, flavorful, and the recipes are so easy! I wasn't having much luck getting my son to eat different flavors and textures after eating baby food and pureed foods. Now I make a fun recipe from this cookbook each day and he eats it. Not only does he eat the recipes, he hums while eating them. That's a good thing!Enjoy!",1
ABOMINABLE,I nearly bought this thing on DVD looking at the reviews given.I rented the video and believe this mess is way below 'Street Trash'. The recommendation for its 'black humor' is not true. There is no 'black humor'.There is only 'sick' exploitation.If you have to see this thing rent it.Don't waste your money on a purchase.,0
Disappointing,"I heard Nora Ephron - may she rest in peace - talk about this book on the radio and couldn't wait to jump in. Getting started I thought that the early segments must be leading up to the real meat and potatoes of Beckerman's story. Unfortunately, this never came to pass. For me, the writing was thin and shallow. I kept waiting for the poignant recollections and nothing materialized. Each passage was so brief and dry - more like a sketchbook with jotted notes, just not what I was expecting. I also didn't care for the hand drawn pictures but that could be due to the resolution on my Kindle.Too bad!",0
Does what it is supposed to,Hose gives decent pressure for watering plants and coils back for storage nicely.The hose burst in two a little over a year after it went into use. Plastair customer support was quick to reply to my warranty inquiry and told me to contact Amazon for a replacement. The Amazon representative sent out a new hose (although she said it was not std. policy to do so).,1
Understanding General Semantics,"General Semantics isn't a difficult cluster of concepts to understand; but to those who might have some difficulty with it, Kenneth Keyes Jr makes everything entertainingly crystal clear. Because of the constraints of their culture and language, people tend to develop unscientific and illogical patterns of thought and behavior. Learning the basic principles of General Semantics as presented by this author is the first step in addressing those problems. I highly recommend this book to anyone interested in scientific and logical thinking.",1
"awful book, idea of fermentation is great but this book too political","This book is too political at some points, vulgar at otherpoints, and bizarre points about death towards the end of the book. I am all for fermentation but this book goes way beyond to the absurd and rediculous and strange.",0
Mahler: Symphony Number 7,Accoustically great. Never heard it before so I can't compare but I could still tell that it was out of the ordinary.,1
"Great idea, weak book","This could have been a classic. It suffers from a number of faults which prevent it reaching that peak. It's too long (cut out 100 pages or so in the paperback to reduce to around 150) for the point which he seems to have aimed to make. According to other reviewers here, its badly edited, which may explain the sense I felt that it was a little disjointed. The idea underlying the book is that those generally identified as being on the Left are motivated in large measure by a need to feel they have a morally pure insight into, and solution for, any problem faced by a society, a trait exposed by Hollander in ""Political Pilgrims"". The idea was a good one, the book didnt, to me, live up to its promise. The reader will get better value and a far more enjoyable read, from Hayek, von Mises, James Bovard or Hollander.",0
good and funny,I enjoyed this movie . Really liked Scott Caan part.He did a good job. The movie is sad and very funny.,1
Definitely Shop Around,"I did extensive research on the best headsets before I decided to spend my money... From Motorola, to Plantronics and finally to Jawbone. While it did have noise guard it was not to great for ear comfort nor sound quality... I even returned my 1st Jawbone because it was having some sound issues (very bad interference). They did send me another one (after a $100 hold was placed on my credit card until the return of the defective headset). When I received the new Jawbone, same problems different headset. The ear comfort was the biggest issue for me because it hurt. Sound was to low with the volume turned all the way up...I returned this headset and got the Motorola H12 and have been happy ever since...",0
Great Movie,I saw the Sneak Preview ...and the movie was great. Frankie Muniz and Hilary Duff did great jobs and portrayed their roles well. Good kids movie (James Bond for Kids and Teens). Frankie and Hilarys character both very much differ from the characters on their TV Series.,1
It's ok,"The tray is good, but I am trying to find a liner at home depot and the size of this tray doesn't have anything to fit it. So I just painted from the tray and throw it out after i'm done. The roller sucks so much. After using it for 3 mins, I just throw the whole thing out. Next time I will just go for better quality stuff.",0
Recovery journey for those with unresolved pain inside - must read,It's difficult to list all questions Rich Buhler raises and addresses in this one book. Here are a few just to touch the base. They can be important for you or for somebody you know/love/care of. Have you ever overreacted to something and later were surprised why people were shocked with your behavior ? Why some people are so closed emotionally ? Why it's so difficult to build relations or growing relations always got stuck at some point ? Why what happens outside is usually very different of what happens inside ? Why some of us tend to avoid any risk at all or are ready to put at stake everything without any wisdom applied ? What are the important questions to ask yourself even if you think you had perfect parents and perfect childhood ? Reading and applying truths from this book can be a great journey towards recovery and resolving the most complicated challenges of person's life.,1
not historically correct: do not buy this book!,"Charles Reasoner is a good example of an ignorant American that knows little or nothing about Korea. His book, ""The Magic Amber"" is a legend alright, a legend in his own mind. The book is not only historically IN-correct, the illustrations contained are of Chinese with Japanese Kimonos. Come on Charles, you could have asked at least one Korean before going through the trouble of publishing a book that has nothing to do with Koreans.",0
"Choppy, original, and, hilarious.",Choppy and broken plot line reads like broken English (as intended). Hilarity ensues on every page. Page-turner start to finish. Russian debutantes never make appearance.,1
flash in the pan,"I purchased this company's first book light and had many of the same problems that others have reported -- fast bulb burn up, shoddy connections and very high bulb replacement costs. This latest version suffers from the same.",0
Mammoth Book of Women's Fantasies,"I got this book based on a review I read that many of the selections are lesbian themed. I was disappointed to find a lot of foot fetish fantasies. It seemed that most all of the lesbian fantasies were foot fetish fantasies. Most of the selections were not sexy to me at all, but then again I don't really care for straight erotica. I'm not sure when I think about it why I got this book. I would only recommend this book for a straight woman or a straight leaning bisexual woman, especially if she has a foot fetish. For a lesbian without a foot fetish the selections are just plain not hot.",0
Interesting Historical Accounts of Interactions between Europeans and Native Americans.,"This book contains many accounts of interactions between Native American tribes and Europeans. The accounts are all based on narratives written from the first arrival of Europeans until approximately The French and Indian War. It clarifies that Europeans and natives interacted in a vareity of ways and at different times were friendly or unfriendly towards each other. The French and English also brought their conflicts into the mix as the natives may have brought their conflicts too. A main concern is religion for the Europeans - The French want Catholic Indians and the English protestant ones. Alcohol was a drug easily promoted for trading purposes. When natives became hooked, the price went up. Captives with the natives were often viewed with suspicion and many English chose to live with the natives or with the French after awhile. A very interesting book.",1
Someone stuffed up,"This cd is advertised as ""Spencer Davis Group"". Wrong. Sung by Davis only and, believe me, without the group backing, he is not the best.Not recommended.CheersBoris",0
a modern fairy tale come true,"They are from two different worlds, but some how find a need for each other. I thought Jessica, the heroine in the book was so awesome, as she helps turns this man's world around.Kamlin, the prince in the story, he really is a prince charming of sorts. I loved it. The author did a great job of bringing out the best in both characters, and I couldn't help but fall in love with them.",1
Not yer mama's lesbian fiction...,"Lesbian fiction was a category that we read because it was, well, lesbian. Not because it was good. Most of it was downright awful, and if approached mediocre it was like the clouds parted and the angels sang. But we kept reading and buying.The fact that this book is lesbian themed is no reason to buy it. Buy it because it is a great book. It weaves an epic story with prose that helps you visualize, smell, hear, and breath 19th century London and the life of working people, the love of families, the struggles of unconventional young women. Think Dickens, think Austen. Mostly, read this book.",1
Inspitational...especially when read with a Scottish accent!,"What started out as a crazy high school joke, led me to read this Scottish tale, a highlight of my friend's childhood. What I found was a great story about compromise, team work and love....the original black and white illustrations add to the overall quaintness and make this a definite must! My friends and I enjoyed it so much, that we named our team ""Wee Gillis"" in honor of Gillis' determination.",1
Aquamarine Ring,I ordered the Aquamarine ring for my daughter for Christmas. It is beautiful. She wears this ring every day and treasures it. I plan on ordering another Aquamarine ring in a different style for her birthday.,1
Great story,"Morison was an old salt, and a very smart one. He also had a terrific store of knowledge, and it comes thru in this book.",1
"Good product, but pricey","I like these brush heads quite a bit - my teeth always feel very clean after use. My only complaint is that they are quite expensive. The subscribe-and-save option helps, but they're still pricey - on amazon or elsewhere.",1
dear god this is horrible!!!,"This is probably one of the worst grunge albums of all time, oops i mean punk.",0
More than Likely,"Unlikely is the second Jeffrey Brown book I have devoured (Clumsy being the first), or perhaps nibbled upon relentlessly is more apt. Like Clumsy, Unlikely is a collection of little episodes, slices of life. Brown has an unerring eye for the little inanities that make up real life... the tiny little moments that real relationships are made up of: when she looked at you from across the room the first time, when she went out to have a toke with your friends instead of staying to watch the end of the video with you, when she didn't pick up the phone because she was sleeping instead of showing up for your date... . There are no huge plot turns here, just the unrelenting incremental buildup and later crumbling of an unlikely love affair. Reading the dialogue (there is really no narrative) and body language drawn in his innocent scratchy childlike lines, we nod our heads in understanding. We have all been there. I love reading Jeffrey Brown. Try it.",1
great product - TX User,I was up and running with this little device in less than 10 minutes using my iPAQ. The ability to access my home server via Terminal Server from my favorite coffee shop hangout is priceless. Highly recommended!,1
waterpik flosser,Not what I was expecting...it doesn't work at all for its intended purpose. I thought the inserts would be little brushes that would really do the job instead they are smooth and don't do much of anything.,0
Not her best book,"I love Anne Rice's books. I own most of them. I am a huge fan, so when I purchased this book I had high expectations. The book is about Christ's childhood, him growning up. Now it's not about his entire childhood, just a section of it. It is written beautifully, just the plot is a bit of a dissapointment. There really is no plot. It's christ and his family traveling. It can be a teadious read if you have read her other books. This is not as slow as ""feast of all saints"", but it does take a couple of chapters to pick up speed. If you are wanting a great read of Anne Rice's work the ""witching Hour"" Series is wonderful, as well as the vampire books she has published. This is a book for more determined readers, it does take a bit to plow through it. Over all it is an ok read.",0
"Love them, just wish they would fold for carrying","I ordered these for my SanDisc because the reviews were better than for the foldable version, and they ARE marvelous. The volume control on the cord is nice since I don't have to fiddle with the MP3 controls when I already have it on my belt. The downside is I want to carry the MP3 back and forth to work so that I have it there and at home, but carrying the headphones is a pain since they're so large. The MP3 fits in a pocket of my purse, but the headphones require that I carry a separate canvas bag which is a hassle. I'll probably break down and buy a second pair so I have one at work and one at home.",1
Where's the love??,"I started the series in the middle, with Dragonshadow, and absolutely loved it. It was dark and powerful, not a predictable fantasy tale where everything works out sickeningly (and unbelievably) perfect. I found Dragonsbane a little lacking, but still quite impressive. Knight of the Demon Queen, however, made me furious. At the dismal ending of this dismal novel, I got the feeling that something terrible happened to the author, and she was taking it out on her characters. Although I did enjoy the cyberpunk world at moments, overall, this novel should not have been written, unless Dragonstar is somehow able to make it all worth it... Good luck...!",0
Not FULL version!!!,"I was recomended this book, and saw great reviews on it, so I decided to buy it, and hope I could get some really useful information out of it. yeah, not so much.... this is like an overview, I made the mistake of not noticing it is an abridged version. Bad on my part! I usually only buy childrens books and would've never expected this! Well, I know better now!! I'd just say, buy the full version.. this one doesn't seem to have that much useful info. I think my 4 yr old would like more than me...",0
The Old Typewriters Were Cool...,"When you saw reviews for this movie, what did you think? Good movie? Predictable movie? Horrible movie? Whatever you though, you are probably right.I have spoken with lots of people who really loved this film. I thought it contrived, thinly written and not that great, to be honest. The story was nice and it left you with a warm feeling in your stomach, but it was a story we have seen a million times just put into a new setting. (Think Scent of a Woman meets Dead Poets Society.)But like I said, lots of people really liked it. I tend to think it would be more worth a cheap seat viewing or rental price, but if you thought the previews looked good, see this film. I guess.",0
FROM 5 STARS TO ONE STAR,"THE FIRST THREE QUARTERS OF THIS BOOK WAS WORTH 5 STARS, THE LAST QUARTER WAS A ONE STAR. THE LAST 100 PAGES WERE PREDICTABLE AND BORING. I FELT THE AUTHOR JUST WANTED TO GET THE BOOK OVER WITH. TOO BAD.",0
Works great,I received the product a month ago and put it on our wood floor by the back door where our kids constantly go in and out to play. I immediately seen a remarkable improvement over what the floor looked like before. Now it's a month later and that test area still looks great.,1
"Great, low-budget mayhem!!!","If you've seen some of director Eric Stanze's more recent work like ICE FROM THE SUN or SCRAPBOOK, you might want to take a look at this fun, gory, low-budget flick.It's got a fairly complex storyline, decent acting, and above-average special make-up effects (considering the low-budget).Yeah, it's a little rough around the edges, but the moviemaker's enthusiasm for the project definitely helps push SAVAGE HARVEST beyond its budgetary restrictions.If you're a fan of indie horror, check it out!",1
Hunger Games,"Loved the movie. Very good character representations, though Gale was a bit stiff. Loved the book even more, but that's normal. Can't wait til the next movie hits the theaters.",1
Fast Delivery,"I was pleased with the fast delivery, I ordered the black frame which i think complimented it well, it seems sturdy enough and everyone loves it...love he fact how they combined smaller pics to make up this pic",1
Good ideas,Great recipes but wish she would've omitted corn or given corn free or more soy free alternatives.,1
Wonderful service,"To start off, I was very pleased with the price of this product. It was very reasonable considering that I had paid much more when buying from the actual vendor. The shipping was just as excellent. I was told it would take more than a week to receive my order, but it came the very next day (although I do live quite close to where they were shipping from). All in all, I am very pleased with this seller. Perfect service.",1
Not much to look forward to.,"After first 5 minutes, there are not much interesting to watch. Good thing it is free when I got it, but can I return this anyway?",0
Crais rocks,Robert Crais just gets better and better. Each book adds character development and complex plots that keep you reading faster and faster.,1
only charger is usefull,Charger is OK.Head phone and the cover are very poor. Not usable at all.Dont go for this. Instead go for just the charger which costs 40% less than this one.,0
F'ing Hysterical!!,This book is a frickin' riot!! What I wouldn't give to hang out with Chelsea Handler for a night!! Some stories had me laughing to the point of exhaustion!,1
I only put 1 star so people would read this :-),"Tolkien wrote an undescrible book and it cannot be done in any way and i think , that how his son tried to finish the whole series, is bad and he shouldn't have touched it because it's J.R.R.'s not Christopher's and he should have not killed the Dark Lord [Sauron] because evil must stay in the land of Middle-Earth because thats what gave the book meaning",0
great product,"The product was shipped very quickly, especially for being around Christmas. It smells great too! Its the only scent I like my wife to wear.",1
This movie is an unbelievable delight - although dark,"First, let me say that no review should include the surprise shock of this movie. Beyond that, a film that has such depth and sadness, yet such perversity and humor that it evokes every emotion - if one is open to it. PLEASE see this for Hugh Grant's amazing performance, as well as Rickman, of course. This is what Grant should be doing with his time, not Nothing Hill (oh, Notting).",1
My Opinion Only,What is there not to like about Cheryl Lynn. This is a bargain deal. You won't be disappointed. Good pair.Lawrence,1
Was remastering really needed?,"We all know that this was (and still is) one of rock's greatest records and a touchstone for much of the punk and indie-rock that followed over the next three decades. But,was remastering necessary? Did Stanley Clarke have a hand in this or what? The bass absolutely overwhelms Johnny's guitar on nearly all the tracks. Sure the sound is less muddy, but stick with the original release for ""The Real Ramones"".",1
"Love the movie, but hated the DVD","I bought this DVD solely for HONDO AND THE APACHES. I was a fan of the series around 1994 when TNT was airing it regularly. When they pulled it I missed it until this DVD came out. Boy was I sorry I bought it.The DVD looks like it was mastered from an old film print, maybe even an old VHS tape due to some of the print damage that looks like video-tape ""snow"" rather than damage to an old film print. On top of that, it should be 85 minutes long, and is only a mere 72 minutes. The quality of the other film, THE MAN CALLED NOON, is no better. I'm used to cheap budget DVDs, but when parts of the movie are missing, I have to complain.",0
king of ny,Video doe not work i will be returning this product.i was ready to watch this weekn but i could the disc was no good,0
Worth reading,"I read Tracy's ""Number Seventeen"" and now ""The Stowmarket Mystery,"" and I look forward to reading others by this author. Tracy should appeal to modern readers for his direct, generally unadorned style and quick-moving plots. Interestingly, despite a prose that is mostly utilitarian, you get a sometimes vivid sense of aspects of late Victorian England. If (for instance) you think that London streets were safer before the automobile was introduced, read this book.The investigator Brett is a lawyer, a professional in the mold of Freeman's Dr Thorndyke, who discovers clues and makes connections that others miss. His relationship with the police in the form of Inspector Winter is adversarial, but not without a certain amount of mutual respect (somewhat like the Furneaux/White relationship in Tracy's ""Number Seventeen"").Though I've only read 2 novels by Louis Tracy, I think he's held up better than other half-forgotten mystery writers of the period.",1
meh,"In some ways an interesting plot, but overall I thought the acting was average at best. The movie is fairly dark and gruesome, though it does have somewhat of a redeeming message mixed in. Also some fairly explicit sex scenes (to the line of being what some would likely consider to be pornographic). If you're mainly looking for a movie with very graphic violence then I think you will probably enjoy this to some degree. If not, then I probably wouldn't waste your time.",0
Unbelievalbe,This dart board is better than I could ever have imagined. I have a real electronic dart board and with the exception of automatic scoring this is an exceptional dart board. This is a great gift for younger kids. They love it.,1
piece of cake should be a piece of c***,"overworked script, underworked, no name british actors, and an almost dream inducing (yawn) musical score combine to made a typically overrated brit film. about the run up and beginning of the battle of britain, this sleeper will have you taking leisurely strolls to the bathroom and the fridge. i mean, when the highlight of a five hour movie occurs in the first 2 minutes, well, you get the picture or rather..dont get the picture! YAWN !!",0
DO NOT BUY!!!!!,"There is a reason this thing is SO cheap! Do not buy it! Ours failed after eight months. We had it set up as a RAID5 which we thought would be safe. Big mistake! iomega said they would replace the drive BUT WE HAD TO PAY FOR DATA RETRIEVAL!!!! Horrible service, horrible warranty! Do NOT trust your data on this machine. Check the iomega forums (which are heavily moderated for negative comments by the way, which they will admittedly remove) and you will see the problems people are having with this item.",0
"Beware, This Is Not For Beginners!","I like Bob Brozman and I have his ""Learn to Play Bottleneck Blues Guitar"" set but this one is really for advance players. Instead of GCEA, which is the tuning I'm starting to learn, the uke is tuned differently.My bad.",0
A must-read!,"This is one of my favorite books, and has been for years. If you live in the midwest you must read it! If you live elsewhere, you still must read it to find out what you're missing! There is passion on the prairie - not just corn.",1
it is a good read. it's the only one for cheese lovers.,"cheese is good and so is this lovely,lovely book",0
Perfect for the beginner studying the Tarot.,"I absolutely adore Ms Morrison's writing and books, so I was very excited when I finally ordered this and got it in the mail. I was never very familiar with the Tarot before I read this, and after reading this, I feel that I have a much greater grasp of it. Her writing style is to the point and friendly without being too aggressively-friendly, which makes it easy to follow and charming to read. Her meditations with each card are treasured, and the spells are varied and simple to use. She also gives personal stories about her experiences with the Tarot, which help the reader (especially the beginner) to relieve any fears or doubts that they might have. Although it isn't the ""most definitive"" text on the Tarot out there, it is certainly one not to be missed.",1
The king has no clothes!!,"This disc just plain [stinks]. You'll listen to it once or twice and then not much after that. I give it 2 stars because it's somewhat interesting. You could use some of the material for background sounds for your video art class project, I guess. Certainly don't buy the expensive limited edition version. Wait a bit, there's gonna be tons of these at your local used record store.",0
Facing abusive Christianity with tough-minded compassion,"Therapists Harris and Milam seem to have their hands full dealing with cases of emotional abuse by legalistic, domineering Christian pastors, churches, or families. Speaking from long experience they share the dangers of an ""abusive"" version of Christianity, characterized by emphasis on conformity, authority, self-sacrifice, punishment, belief in an ultimate Armageddon, and ""emphasis upon the death of Christ over the life of Christ"".To deal with religion-related cases of emotional abuse, Harris and Milam attempt counseling with a spiritual dimension. Their therapy includes discussing other sides of the Bible's message, which call into question the authority of dominating individuals who claim to speak for God. It's a challenging and fascinating approach to a real mental health issue. And I think the authors tackle these issues with tough-minded compassion.--author of Correcting Jesus",1
Hard to find,I bought this set back in the eighties and have been looking for another copy for years. This was my lucky find. Hours in the car listening with my daughter or was it me listening to it with her? I never tired of it and you all know how hard that can be.,1
not so good,it has no purpose.....its a hard to readboring book!?!?!? i dont find it that interesting...but i have to read it for school so what can you do?,0
Eddie at his best,"This is a classic and we all know it. One of the few times where Eddie and Arsenio come together and make magic. It's got the laughs for the guys, the love story for the girls, and the kids can even watch it, with the occasional bleep. If you're a fan of Eddie, this is one of his funniest.",1
Update of the old book,"It was a rather frustrating book since it was just an update of the previous generation book for VC++ 6.0. It seems that SAMS wanted to be the first to sell in order to sell. This is rather bad for the company since it will lose many of its potential customers in the future. The only chapters worth reading, well at least a little bit, are chapters 19 and 21 and nothing more.",0
to heavy,Why to heavy in the back end and we tried sharing the blade for hours I bought another brand it balances it self right amount of weight and shared it in about a half hour,0
Worst bags ever! I'm in tears!,"I have froze over 200 ounces of BM in these bags and now that I have started thawing out milk for my son 9 out of 10 leak while thawing out. I have lost so much milk it is sickening! I spend countless hours pumping every day. I have not just wasted money. I have wasted TIME, emotion, and precious milk for my baby. DO NOT BUY.",0
Great CD from Kanye,"No matter how many CD's Kanye makes this will probably always be my favorite. Early Kanye, before all of the money and fame. The package came fast (I love that) and the product was in great shape, especially for a ""used"" product.",1
The book that changed my life,"This book was recommended to me by a therapist i was seeing for marital difficulties. When i read it, it gave me answers for 18 years of chaos in my marriage. It also gives me compassion for my husband, and resources for support groups for me. I HIGHLY recommend it for anyone feeling crazy in an interpersonal relationship, not able to understand the other person's behavior. It also helps you understand what borderline personality disorder is, since it's very complicated and each person has unique traits and different levels of each trait. What a relief to finally have some hope and some resources to help with the chaos.",1
Scotchgard,"Very quick delivery. Ordered on Saturday, arrived on Monday. It took two cans to cover an 8 by 10 area rug made of thistle but I don't know how well it works yet as it has been on a month with no spills or animal accidents. Maybe it is working by keeping the animals off of it.",1
Gak. . .,"I've been reading S.K. since 1980: I'm pretty well acquainted with his writing. Sooo. . .This book is really, really bad. The story is SO absurd (WHERE the creatures came from had to be the lowest and most perverse idea S.K. had ever had); I hated every character (wanted them ALL to die after the first few chapters)and the story itself was plodding (it took the characters about a thousand pages to travel from Point A to Point B).This was a book written just to get something new on the shelves.I was very disappointed. I can see the book on my shelf with the bookmark about fifty pages from the end; can't bring myself to finish it.I'm warning everyone away from this one.",0
A truely stunning novel! -MUST READ,I couldn't put this book down! Novalee Nation goes through her new life in Oklahoma and it truley is one to read about...I found this book so in contact with my own life that it was just so much fun to read and I will never forget this one girl's story.,1
"It works, but not very well","The problem is that once the brewing starts, water escapes from the lid and misses the cup, and ends up on the counter. So there is some clean up involved. Keurig really needs to rethink this product.",0
King kool lounge deceptive,This item is deceptive I thought I was getting two lounger but it's only one. I was not happy about that I could have gotten two for just a few dollars more!!,0
Poor,"Product was marketed as new, but arrived with no packaging and a scratch across the back of the DVD. Very disappointed.",0
IT WAS SO WARPED IT COULDN'T PLAYED,"I had to return this DVD because it was so warped it couldn't be could not be played, and I TRYED THREE DIFFERENT DVD players!!",0
Blah,"Big Jonah Hill fan but this movie is not good at all. It reminds me of the ""Adventures of Babysitting"" but far worse.",0
Unrated?,"I'm tired of all these movies claiming to be the Unrated Version and not offering a single thing that wouldn't be included without exception in a PG-13 movie. Add to that only seven or eight decent laughs in the whole movie and I'm pretty ticked-off. Explaining the spoofs would actually be funnier than the movie, so I won't do it.Tried and true spoof formula is not properly hashed out in cheap attempt to cash-in on quarter-of-a-century craze(Airplane 1980). Top Secret, Hot Shot, Hot Shot Part Deux and Not Another Teen Movie are much examples of this (art) form.Might have given it two stars if they left the Unrated off the box.A lot more of Josh Meyers might have helped.",0
GREAT PRODUCT,"I love these ....using them for hats, caps, and purses!thanks!!! received in record time! Cant wait to get them hung!",1
Great for scrapbooking!!,"I just received this table, and I can already tell that it will be a great asset for my scrapbooking. The table is adjustable in height, so no matter where I am scrapbooking, I can adjust the height to fit the chair I am sitting in. The table is light enough for me to move by myself, and will fold up for easy storage. The table is also sturdy enough to use paper punches and eyelet setters. I'm thinking of purchasing another, so I can spread out even more!!",1
A Life Changer,"I would recommend this to anyone I know. I'm just starting to employ the principles and ideas from the book and just starting the baby steps but I already feel better about my knowledge level and money situation. Read it, apply it, and you'll change your whole life. On my way to DEBT FREE!!!",1
Big smile!,As usual Pratchett is thought provoking AND funny.it was an easy read that belies the truth and depth of its message.,1
waste of good wood,"I ""played"" with this at a specialty toy store and was pretty disappointed with it. I thought I wanted this for my son after seeing it online but I'm so glad we got to try it at a store first. My toddler showed almost no interest in it. It looked hard to use and not at all fun. However, it looked like it was well made of good wood and with good stains/paint and finishes.We've had more fun with a plastic food container that I cut a square shape on the lid and my son fills it up with his wooden ABC blocks. BTW, you can do the same using matchbox cars, Peek-A-Blocks, etc. Just use a different plastic food container (yogurt, sour cream, powdered drinks, etc.) for each shape.",0
my skin thanks me,"I have very dry and sensitive skin and this is the only product that does just what it says it will do: moisturize all day. Amazingly lightweight, my skin just drinks it up. No other product that I've tried has made my skin feel so refreshed, including expensive lotions, which often make my skin break out.",1
"Incomplete, don't be fooled","Dr Yang knows his stuff and is intelligent. However this is NOT the full form, it is only 1/5 of the dvd series to fully explain the movements. This is not suitable for someone to learn the movements. It may be useful to someone that wishes to learn about tai chi, but NOT to know the movements. This is NOT A COMPLETE SERIES ONLY A SMALL PORTION OF IT. Fairly useless IMHO.",0
Wonderful!,"This was a gift for a family member, and they were very happy. It was the best price anywhere, very sturdy, and great visibility.",1
It will be rusty before long,The size and function of this rack are great. The black finish started coming off after the first use even though it was used and cleaned pretty gently. I am concerned about getting black paint on my food and the prospect of it starting to rust very quickly.,0
Don't waste your time,"A pathetic ripoff of V. Sure, it's sci-fi, but it's horribly unrealistic, ie, the sheer stupidity of the characters which makes you wonder how they managed to survive in the first place. Then there's the corny dialog. The Spielberg connection should have been my first clue that this was going to blow chunks. Shame on me.",0
Strong motor but poor quality.,"I received an RTX-1 as a present. I was impressed by the powerful motor and cool looks. I finally had a reason to use it and found the tool vibrated almost as much as my palm sander and the cutting tool I had chucked up was not running true.Owners manual says if there is excessive vibration to rechuck tool 1/4 turn from start position until vibration goes away. The vibration did not go away no matter how or where cutter was positioned.In fact the RTX-1 vibrated with nothing chucked up and a perfectly good 1/8"" drill bit ran so out of round it was a total blur.I was able to exchange the RTX-1 for a 395 Dremel. It runs smoothly and cutters and drill bits run true. Granted it is not as powerful as the RTX-1 but what does the extra power matter if you can't control it?",0
disappointed in California,I received my sony walkman and their are no instructions that came with this product. My biggest gripe is that the stations are set to Mexicanstations and not to English stations. It's ok if you're Mexican I guess.Without instructions what the heck am I suppose to do? Send it back.,0
good bag,"I've used this a few times to take a suit to work. I walk about a mile each from my house to the train and train to work. I live in the south so it is often too hot and humid to walk that far in a suit. Bag works great, tri-fold design is nice as it doesn't take much more room than a briefcase. Shoulder strap is ok. Seems roomy enough for a couple of suits and shirts, etc. Would be fine for a weekend trip if you pack light.",1
buyer beware,"If you have the most recent version of WordPerfect, beware, this product will not install the WP8 language module on a Windows 98 platform. Apparently NT and 95 will do, but not 98. They couldn't mention this in the advertising? Duh?",0
a 5 star rating is not enough!,"mariah is so great and sounds so wonderful in this album that i dun have enough of her, again she did it with pride and confidence, her voice is the big selling point, her music is heavenly and sure she is worthy the title for Queen of Pop Music, my persocal faves r : My All, When You Believe, Dreamlover, Love Takes Time, infact my faves r so many that i found it hard to choose!",1
Outstanding Teaching Tool,"I teach Georgia Studies and have used this wonderful, historically accurate portrayal of my state's Civil War history. I highly recommend it to my fellow Georgia teachers and to all teachers who teach a unit on the Civil War.",1
I hate this book,"I really do hate this book. The plot makes no sense. How does a fish interact with ladybugs? Yeah, I get the point that it's supposed to teach counting, but the story itself is inane.",0
great movie,this iz a really good movie. actings good. tha only flaw iz tha picture. itz watchable tho. this iz a classic. i highly reccomend this for anybody into old school monster flicks.,1
Music to Put You to Sleep,"I'm a children's librarian, so I listen to and review a lot of children's music as part of my job. Priscilla Herdman's voice is better than most children's singers' because she avoids that goofy cute sound so many children's singers have. Her voice has the same clear, high quality that her fellow folksinger Judy Collins has.However, in all honesty, I have to say this album is pretty dull. We have it in our library, but the children don't check it out. I think, this is because the song selection doesn't appeal to them. The songs just aren't ""catchy."" A parent might be able to use this album to put a child to sleep. Whether this is because the songs are soothing, or merely boring is the question.",0
Glad to Have It,I went from a transfer bench to this. No more water on the floor and it fits fine in our tub. It's very solid and sturdy.,1
Just my luck...,"A week after ordering a refurbished 880 the price dropped $13. Oh well, I'm still love these remotes. I've actually bought three. Two new and the refurbished one previously mentioned. The latter replaced one I bought my folks 3 years ago that stopped transmitting its IR signals. But considering the almost constant use this remote is subjected to from a retired couple, I still think they are very good remotes for the price. The IR transmitter also when out on mine after 18 months of heavy use, but a call to Logitech support got me a new one in a few days at NO COST! NOT EVEN SHIPPING! And that was on a remote that was out of warranty! So, I don't understand the few reviews I've read claiming poor tech support; my experience has been anything but. I'd buy another in a heart beat! BUT, considering the IR transmitter does appear to be the weak link, an extended warranty may be a good idea even though Logitech seems to value their customers' satisfaction.",1
disappointed,"Normally I would love the toy for my son, but when I recieved it, it was BROKEN! The toy didn't read the letters correctly or some, not at all!",0
only warms you,I tried zestra..and honestly it just made me warm. and it smelled funny. I think ky intense works better. but to each his own.,0
"""NOT"" Even Better then the Real Thing","Well, I guess you can give a little credit to the ""Various Artists"" (I noticed no variations) for being brave enough to try and cover U2 songs(and no, I would not call this a tribute). However, I am not in a mood to be kind. U2 is a great band. Everything clicks with them. Nothing can change that and while the lyrics are still great, the songs are butchered. The singer does nothing but try and imitate Bono's wonderfully raspy voice and ends up sounding like a chainsaw. I can do a better job singing them in the shower. The music is loud and distracting. The Edge, Larry Mullen Jr and Adam Clayton, I imagine, would be horrified. A band that just started playing together a couple of weeks ago could do better. You get the idea. Given how dreadful it is, I am glad I borrowed a copy from a friend. I would highly recommend not throwing your money away on this. Go and buy the real deal, because nothing can compare.",0
Captivating Espionage,"""Shadows and Secrets"" picks up where ""Cloaked Mode"" left off and continues to chronicle the espionage adventures of WEB Agents Attewelle and Terry. The book offers more action wrapped into more intriguing plots. The reader is in constant suspense as the cases unfold with surprises at every turn.The travels of the WEB Agents to far away and dangerous lands are eloquently depicted by Raetz's inclusion of native tongue and local customs that fully envelopes the reader. Raetz has also intricately woven the development of the characters as each story builds upon the previous stories, adding a glimpse into the lives of the WEB Agents outside the Bureau.""Shadows and Secrets"" is full of twists and turns with a bit of wit added into the mix.",1
Played these before? This one is different,"The only thing I can add to the other really great comments about this game is this....If you have played other online games and been frustrated, this game is different. The first thing that you will notice, no running back for your corpse! If you choose to, you can go back and pray at your tombstone to get back a bit of experience point, but it is not required. There are no item lossed, when you die, you retain all items and money you had when you died, cool, I hated 'corpse runs' for my gear.Some have said that solo playing is hard, well, I solo play and it is not hard, just takes a bit longer.The tradeskills in this game are among the best I have seen. You can take up skills such as tailoring, armourcrafting, weaponsmithing, alchemy, and more. The best part to the tradeskills is this,... there is actually demand for your products, no sitting in one spot for hours 'calling out' that you have wares for sale with no sales made.",1
"Lame, Don't waste your time!","Poorly written, characters that you couldn't care less about, weak plot that is so unbelievable it's not even entertaining--read anything but this book! Not worth the paper it's written on.",0
LOVIN' IT!,"I received this as a wedding gift from my wishlist and I absolutely LOVE IT! I've only been using it for a couple of months so I don't know how long it stays sharp, but it quickly makes perfect tomato slices. I have looked at my local Target to purchase some of these for gifts and was unable to find any so I'm back to Amazon, ordering these to give to people I know can use it, like my mom. I highly recommend this item! Even if you only slice tomatos when you're making burgers, you will love the ease and convenience this little gadget gives you.",1
IT WAS A $399 GAMBLE.,"One week after the warranty expired, so did the Kindle. This unit was not exposed to heat, moisture or rough handling. I turned it on one day and the entire screen was inked. I called customer service and they said they would not replace or repair it, but I could buy a refurbished one. So, I was out the $399 plus all of the books,magazines, etc. that I had purchased. It was an expensive year of reading. If they advertised this unit as prospectively a one-year-unit, they would not sell any. I would NEVER gamble again on a Kindle. I can buy a lot of books for the $ spent on a Kindle, and they won't up and vanish.",0
